h1_prev_class_count,h1_previous_any,h1_reregistration_yes,h1_experience_score,h2_major_data_flag,h2_desired_job_data_cnt,h2_desired_cert_cnt,h2_acquired_cert_cnt,h2_alignment_score,h3_time_input,h3_time_high,h3_project_team,h3_hope_offline,h3_hope_online,h3_hope_individual,h3_engagement_score,h4_text_len_reason,h4_text_len_company,h4_text_len_total,h4_choice_breadth,h4_response_complexity_score,h4_complexity_high,h5_goal_item_cnt,h5_inflow_referral,h5_inflow_organic
0.0,0.0,0.0,0.0,0.0,1.0,5.0,1.0,2.0,2.0,0.0,1.0,0.0,1.0,0.0,1.0,28.0,16.0,44.0,9.0,12.80666248977032,0.0,1.0,0.0,1.0
0.0,0.0,0.0,0.0,1.0,2.0,4.0,0.0,4.0,3.0,0.0,1.0,1.0,0.0,0.0,2.0,48.0,5.0,53.0,8.0,11.988984046564275,0.0,1.0,1.0,0.0
0.0,0.0,0.0,0.0,0.0,2.0,3.0,1.0,3.0,10.0,1.0,0.0,1.0,0.0,0.0,2.0,57.0,4.0,61.0,13.0,17.127134385045093,1.0,1.0,0.0,1.0
0.0,0.0,0.0,0.0,0.0,2.0,2.0,2.0,3.0,2.0,0.0,1.0,0.0,1.0,0.0,1.0,25.0,3.0,28.0,6.0,9.367295829986475,0.0,1.0,0.0,1.0
0.0,0.0,0.0,0.0,1.0,1.0,4.0,1.0,3.0,2.0,0.0,1.0,1.0,0.0,0.0,2.0,24.0,3.0,27.0,12.0,15.332204510175204,1.0,1.0,1.0,0.0
0.0,0.0,0.0,0.0,0.0,1.0,3.0,0.0,2.0,1.0,0.0,1.0,0.0,1.0,0.0,1.0,18.0,2.0,20.0,6.0,9.044522437723423,0.0,1.0,1.0,0.0
0.0,0.0,0.0,0.0,0.0,1.0,2.0,1.0,2.0,2.0,0.0,1.0,1.0,0.0,0.0,2.0,24.0,5.0,29.0,16.0,19.401197381662154,1.0,1.0,0.0,1.0
0.0,0.0,0.0,0.0,0.0,2.0,5.0,0.0,3.0,2.0,0.0,0.0,0.0,1.0,0.0,0.0,54.0,2.0,56.0,10.0,14.04305126783455,0.0,1.0,0.0,1.0
0.0,0.0,0.0,0.0,0.0,2.0,2.0,0.0,3.0,2.0,0.0,1.0,1.0,0.0,0.0,2.0,40.0,6.0,46.0,11.0,14.85014760171006,1.0,1.0,0.0,1.0
6.0,1.0,1.0,7.0,1.0,1.0,1.0,0.0,3.0,5.0,1.0,1.0,0.0,1.0,0.0,2.0,32.0,3.0,35.0,11.0,14.583518938456109,1.0,1.0,1.0,0.0
6.0,1.0,1.0,7.0,0.0,0.0,4.0,0.0,1.0,2.0,0.0,1.0,0.0,1.0,0.0,1.0,40.0,5.0,45.0,12.0,15.828641396489095,1.0,1.0,1.0,0.0
0.0,0.0,0.0,0.0,1.0,2.0,2.0,0.0,4.0,2.0,0.0,0.0,1.0,0.0,0.0,1.0,41.0,4.0,45.0,8.0,11.828641396489095,0.0,1.0,0.0,1.0
6.0,1.0,1.0,7.0,0.0,0.0,2.0,2.0,1.0,2.0,0.0,0.0,0.0,0.0,1.0,0.0,1.0,1.0,2.0,13.0,14.09861228866811,1.0,1.0,1.0,0.0
0.0,0.0,0.0,0.0,1.0,2.0,1.0,0.0,4.0,3.0,0.0,1.0,1.0,0.0,0.0,2.0,16.0,3.0,19.0,8.0,10.99573227355399,0.0,1.0,0.0,1.0
0.0,0.0,0.0,0.0,1.0,4.0,5.0,1.0,4.0,2.0,0.0,0.0,0.0,0.0,1.0,0.0,25.0,25.0,50.0,11.0,14.931825632724326,1.0,1.0,0.0,1.0
0.0,0.0,0.0,0.0,0.0,1.0,3.0,0.0,2.0,1.5,0.0,1.0,0.0,1.0,0.0,1.0,33.0,7.0,40.0,15.0,18.71357206670431,1.0,1.0,0.0,0.0
6.0,1.0,1.0,7.0,0.0,4.0,3.0,1.0,3.0,2.0,0.0,1.0,0.0,1.0,0.0,1.0,15.0,18.0,33.0,13.0,16.526360524616162,1.0,1.0,1.0,0.0
0.0,0.0,0.0,0.0,1.0,2.0,1.0,2.0,4.0,4.0,1.0,1.0,1.0,0.0,0.0,3.0,10.0,8.0,18.0,8.0,10.94443897916644,0.0,1.0,0.0,1.0
0.0,0.0,0.0,0.0,0.0,0.0,2.0,1.0,1.0,3.0,0.0,1.0,0.0,1.0,0.0,1.0,27.0,2.0,29.0,7.0,10.401197381662156,0.0,1.0,0.0,1.0
6.0,1.0,1.0,7.0,1.0,3.0,3.0,0.0,4.0,3.0,0.0,1.0,1.0,0.0,0.0,2.0,17.0,4.0,21.0,13.0,16.091042453358316,1.0,1.0,1.0,0.0
0.0,0.0,0.0,0.0,1.0,1.0,1.0,1.0,3.0,2.0,0.0,0.0,1.0,0.0,0.0,1.0,16.0,2.0,18.0,10.0,12.94443897916644,0.0,1.0,1.0,0.0
0.0,0.0,0.0,0.0,1.0,1.0,5.0,1.0,3.0,3.0,0.0,1.0,1.0,0.0,0.0,2.0,54.0,7.0,61.0,11.0,15.127134385045093,1.0,1.0,0.0,1.0
0.0,0.0,0.0,0.0,0.0,1.0,2.0,1.0,2.0,2.0,0.0,0.0,1.0,0.0,0.0,1.0,15.0,2.0,17.0,5.0,7.8903717578961645,0.0,1.0,0.0,1.0
0.0,0.0,0.0,0.0,0.0,1.0,3.0,2.0,2.0,2.0,0.0,0.0,1.0,0.0,0.0,1.0,17.0,2.0,19.0,9.0,11.99573227355399,0.0,1.0,0.0,1.0
0.0,0.0,0.0,0.0,0.0,2.0,2.0,0.0,3.0,2.0,0.0,0.0,1.0,0.0,0.0,1.0,14.0,12.0,26.0,20.0,23.29583686600433,1.0,1.0,0.0,1.0
0.0,0.0,0.0,0.0,0.0,1.0,3.0,0.0,2.0,4.0,1.0,1.0,1.0,0.0,0.0,3.0,22.0,6.0,28.0,7.0,10.367295829986475,0.0,1.0,0.0,1.0
0.0,0.0,0.0,0.0,0.0,1.0,4.0,1.0,2.0,3.0,0.0,0.0,0.0,1.0,0.0,0.0,29.0,20.0,49.0,6.0,9.912023005428146,0.0,1.0,0.0,1.0
0.0,0.0,0.0,0.0,1.0,1.0,2.0,2.0,3.0,3.0,0.0,1.0,0.0,1.0,0.0,1.0,22.0,2.0,24.0,7.0,10.218875824868201,0.0,1.0,0.0,1.0
0.0,0.0,0.0,0.0,0.0,1.0,3.0,1.0,2.0,5.0,1.0,1.0,1.0,0.0,0.0,3.0,40.0,8.0,48.0,14.0,17.891820298110627,1.0,1.0,0.0,1.0
0.0,0.0,0.0,0.0,0.0,1.0,1.0,2.0,2.0,1.0,0.0,1.0,0.0,1.0,0.0,1.0,22.0,18.0,40.0,6.0,9.713572066704309,0.0,1.0,0.0,1.0
0.0,0.0,0.0,0.0,1.0,2.0,3.0,1.0,4.0,3.0,0.0,1.0,1.0,0.0,0.0,2.0,39.0,2.0,41.0,11.0,14.737669618283368,1.0,1.0,0.0,1.0
6.0,1.0,1.0,7.0,0.0,1.0,1.0,0.0,2.0,1.0,0.0,1.0,1.0,0.0,0.0,2.0,16.0,2.0,18.0,8.0,10.94443897916644,0.0,1.0,1.0,0.0
0.0,0.0,0.0,0.0,0.0,2.0,2.0,0.0,3.0,4.0,1.0,0.0,0.0,1.0,0.0,1.0,28.0,7.0,35.0,9.0,12.583518938456109,0.0,1.0,1.0,0.0
0.0,0.0,0.0,0.0,1.0,1.0,1.0,1.0,3.0,1.0,0.0,1.0,1.0,0.0,0.0,2.0,15.0,3.0,18.0,7.0,9.94443897916644,0.0,1.0,0.0,1.0
6.0,1.0,1.0,7.0,0.0,1.0,2.0,2.0,2.0,1.0,0.0,0.0,1.0,0.0,0.0,1.0,26.0,4.0,30.0,6.0,9.433987204485145,0.0,1.0,1.0,0.0
0.0,0.0,0.0,0.0,0.0,2.0,3.0,1.0,3.0,3.0,0.0,0.0,0.0,1.0,0.0,0.0,26.0,11.0,37.0,11.0,14.637586159726386,1.0,1.0,0.0,1.0
0.0,0.0,0.0,0.0,1.0,3.0,2.0,0.0,4.0,2.0,0.0,0.0,0.0,0.0,1.0,0.0,21.0,3.0,24.0,8.0,11.218875824868201,0.0,1.0,0.0,1.0
6.0,1.0,1.0,7.0,1.0,2.0,2.0,0.0,4.0,2.0,0.0,0.0,0.0,1.0,0.0,0.0,6.0,1.0,7.0,6.0,8.079441541679836,0.0,1.0,1.0,0.0
0.0,0.0,0.0,0.0,1.0,2.0,1.0,1.0,4.0,2.0,0.0,1.0,0.0,1.0,0.0,1.0,8.0,7.0,15.0,7.0,9.772588722239782,0.0,1.0,0.0,0.0
6.0,1.0,1.0,7.0,1.0,2.0,0.0,0.0,3.0,1.0,0.0,1.0,1.0,0.0,0.0,2.0,26.0,11.0,37.0,13.0,16.637586159726386,1.0,1.0,1.0,0.0
0.0,0.0,0.0,0.0,0.0,1.0,1.0,1.0,2.0,2.0,0.0,1.0,0.0,1.0,0.0,1.0,15.0,7.0,22.0,5.0,8.13549421592915,0.0,1.0,0.0,1.0
0.0,0.0,0.0,0.0,1.0,2.0,2.0,0.0,4.0,1.0,0.0,1.0,0.0,0.0,1.0,1.0,34.0,6.0,40.0,12.0,15.713572066704309,1.0,1.0,0.0,1.0
0.0,0.0,0.0,0.0,0.0,1.0,3.0,1.0,2.0,2.0,0.0,0.0,1.0,0.0,0.0,1.0,24.0,4.0,28.0,10.0,13.367295829986475,0.0,1.0,0.0,1.0
6.0,1.0,1.0,7.0,0.0,3.0,2.0,1.0,3.0,2.0,0.0,1.0,0.0,0.0,1.0,1.0,3.0,1.0,4.0,18.0,19.6094379124341,1.0,1.0,1.0,0.0
0.0,0.0,0.0,0.0,0.0,3.0,3.0,0.0,3.0,4.0,1.0,1.0,1.0,0.0,0.0,3.0,13.0,2.0,15.0,11.0,13.772588722239782,0.0,1.0,0.0,1.0
0.0,0.0,0.0,0.0,1.0,2.0,2.0,0.0,4.0,5.0,1.0,1.0,0.0,1.0,0.0,2.0,32.0,5.0,37.0,21.0,24.637586159726386,1.0,1.0,0.0,1.0
0.0,0.0,0.0,0.0,1.0,1.0,4.0,0.0,3.0,2.0,0.0,0.0,0.0,1.0,0.0,0.0,64.0,5.0,69.0,8.0,12.248495242049358,0.0,1.0,0.0,1.0
0.0,0.0,0.0,0.0,0.0,3.0,1.0,0.0,3.0,2.0,0.0,1.0,1.0,0.0,0.0,2.0,41.0,5.0,46.0,7.0,10.85014760171006,0.0,1.0,0.0,1.0
0.0,0.0,0.0,0.0,1.0,2.0,2.0,0.0,4.0,1.5,0.0,0.0,1.0,0.0,0.0,1.0,37.0,3.0,40.0,7.0,10.713572066704309,0.0,1.0,0.0,1.0
0.0,0.0,0.0,0.0,0.0,0.0,1.0,0.0,1.0,1.0,0.0,1.0,0.0,1.0,0.0,1.0,32.0,2.0,34.0,7.0,10.555348061489413,0.0,1.0,0.0,1.0
0.0,0.0,0.0,0.0,0.0,0.0,3.0,0.0,1.0,2.0,0.0,0.0,0.0,0.0,1.0,0.0,24.0,8.0,32.0,6.0,9.49650756146648,0.0,1.0,1.0,0.0
0.0,0.0,0.0,0.0,1.0,1.0,3.0,0.0,3.0,2.0,0.0,1.0,1.0,0.0,0.0,2.0,26.0,4.0,30.0,5.0,8.433987204485145,0.0,1.0,0.0,1.0
0.0,0.0,0.0,0.0,0.0,1.0,1.0,1.0,2.0,3.0,0.0,1.0,1.0,0.0,0.0,2.0,42.0,2.0,44.0,5.0,8.80666248977032,0.0,1.0,0.0,1.0
0.0,0.0,0.0,0.0,0.0,1.0,1.0,0.0,2.0,1.0,0.0,1.0,1.0,0.0,0.0,2.0,24.0,5.0,29.0,11.0,14.401197381662156,1.0,1.0,0.0,1.0
0.0,0.0,0.0,0.0,0.0,1.0,1.0,1.0,2.0,2.0,0.0,1.0,1.0,0.0,0.0,2.0,30.0,25.0,55.0,9.0,13.02535169073515,0.0,1.0,0.0,1.0
6.0,1.0,1.0,7.0,0.0,1.0,3.0,0.0,2.0,1.0,0.0,0.0,1.0,0.0,0.0,1.0,9.0,10.0,19.0,8.0,10.99573227355399,0.0,1.0,1.0,0.0
0.0,0.0,0.0,0.0,0.0,0.0,1.0,0.0,1.0,1.0,0.0,1.0,1.0,0.0,0.0,2.0,18.0,35.0,53.0,4.0,7.9889840465642745,0.0,1.0,0.0,1.0
0.0,0.0,0.0,0.0,0.0,1.0,6.0,0.0,2.0,5.0,1.0,1.0,1.0,0.0,0.0,3.0,18.0,3.0,21.0,9.0,12.091042453358316,0.0,1.0,1.0,0.0
0.0,0.0,0.0,0.0,0.0,1.0,2.0,0.0,2.0,1.5,0.0,0.0,0.0,1.0,0.0,0.0,3.0,2.0,5.0,5.0,6.7917594692280545,0.0,1.0,0.0,1.0
0.0,0.0,0.0,0.0,0.0,0.0,1.0,0.0,1.0,3.0,0.0,1.0,0.0,1.0,0.0,1.0,40.0,3.0,43.0,8.0,11.784189633918261,0.0,1.0,0.0,1.0
0.0,0.0,0.0,0.0,1.0,1.0,1.0,0.0,3.0,2.0,0.0,0.0,0.0,0.0,1.0,0.0,14.0,8.0,22.0,5.0,8.13549421592915,0.0,1.0,0.0,1.0
0.0,0.0,0.0,0.0,1.0,1.0,4.0,0.0,3.0,3.0,0.0,1.0,1.0,0.0,0.0,2.0,36.0,21.0,57.0,14.0,18.060443010546418,1.0,1.0,0.0,0.0
6.0,1.0,1.0,7.0,0.0,3.0,5.0,1.0,3.0,2.0,0.0,1.0,1.0,0.0,0.0,2.0,18.0,5.0,23.0,11.0,14.178053830347945,1.0,1.0,1.0,0.0
0.0,0.0,0.0,0.0,0.0,1.0,1.0,0.0,2.0,2.0,0.0,1.0,0.0,1.0,0.0,1.0,13.0,4.0,17.0,10.0,12.890371757896165,0.0,1.0,0.0,1.0
0.0,0.0,0.0,0.0,1.0,1.0,5.0,0.0,3.0,5.0,1.0,1.0,1.0,0.0,0.0,3.0,4.0,4.0,8.0,9.0,11.19722457733622,0.0,1.0,0.0,1.0
0.0,0.0,0.0,0.0,0.0,1.0,3.0,0.0,2.0,1.0,0.0,0.0,1.0,0.0,0.0,1.0,21.0,9.0,30.0,7.0,10.433987204485145,0.0,1.0,0.0,1.0
0.0,0.0,0.0,0.0,1.0,2.0,4.0,0.0,4.0,2.0,0.0,1.0,0.0,1.0,0.0,1.0,30.0,4.0,34.0,5.0,8.555348061489413,0.0,1.0,0.0,1.0
0.0,0.0,0.0,0.0,1.0,4.0,3.0,0.0,4.0,2.0,0.0,1.0,1.0,0.0,0.0,2.0,13.0,1.0,14.0,22.0,24.70805020110221,1.0,1.0,0.0,1.0
0.0,0.0,0.0,0.0,1.0,2.0,2.0,0.0,4.0,2.0,0.0,1.0,0.0,1.0,0.0,1.0,33.0,54.0,87.0,11.0,15.477336814478207,1.0,1.0,0.0,1.0
0.0,0.0,0.0,0.0,0.0,0.0,2.0,0.0,1.0,1.0,0.0,1.0,1.0,0.0,0.0,2.0,21.0,11.0,32.0,5.0,8.49650756146648,0.0,1.0,0.0,1.0
0.0,0.0,0.0,0.0,1.0,0.0,3.0,0.0,2.0,2.0,0.0,1.0,1.0,0.0,0.0,2.0,40.0,2.0,42.0,10.0,13.761200115693562,0.0,1.0,0.0,1.0
0.0,0.0,0.0,0.0,0.0,1.0,2.0,0.0,2.0,2.0,0.0,0.0,0.0,0.0,1.0,0.0,25.0,8.0,33.0,11.0,14.526360524616162,1.0,1.0,0.0,1.0
6.0,1.0,1.0,7.0,0.0,1.0,1.0,0.0,2.0,3.0,0.0,1.0,0.0,1.0,0.0,1.0,11.0,4.0,15.0,7.0,9.772588722239782,0.0,1.0,1.0,0.0
6.0,1.0,1.0,7.0,0.0,1.0,2.0,1.0,2.0,1.0,0.0,1.0,0.0,1.0,0.0,1.0,1.0,1.0,2.0,6.0,7.09861228866811,0.0,1.0,1.0,0.0
0.0,0.0,0.0,0.0,0.0,1.0,4.0,0.0,2.0,4.0,1.0,0.0,0.0,1.0,0.0,1.0,22.0,4.0,26.0,6.0,9.29583686600433,0.0,1.0,1.0,0.0
0.0,0.0,0.0,0.0,1.0,3.0,2.0,1.0,4.0,3.0,0.0,1.0,0.0,1.0,0.0,1.0,25.0,9.0,34.0,12.0,15.555348061489413,1.0,1.0,0.0,1.0
0.0,0.0,0.0,0.0,1.0,3.0,5.0,0.0,4.0,2.0,0.0,1.0,0.0,1.0,0.0,1.0,23.0,4.0,27.0,10.0,13.332204510175204,0.0,1.0,0.0,1.0
0.0,0.0,0.0,0.0,1.0,3.0,2.0,0.0,4.0,2.0,0.0,0.0,0.0,1.0,0.0,0.0,30.0,19.0,49.0,10.0,13.912023005428146,0.0,1.0,0.0,1.0
6.0,1.0,1.0,7.0,1.0,1.0,4.0,1.0,3.0,4.0,1.0,1.0,0.0,1.0,0.0,2.0,43.0,11.0,54.0,10.0,14.007333185232472,0.0,1.0,1.0,0.0
0.0,0.0,0.0,0.0,0.0,0.0,2.0,0.0,1.0,2.0,0.0,1.0,0.0,1.0,0.0,1.0,26.0,3.0,29.0,6.0,9.401197381662156,0.0,1.0,1.0,0.0
0.0,0.0,0.0,0.0,0.0,1.0,1.0,1.0,2.0,2.0,0.0,0.0,1.0,0.0,0.0,1.0,13.0,8.0,21.0,6.0,9.091042453358316,0.0,1.0,1.0,0.0
6.0,1.0,1.0,7.0,0.0,1.0,2.0,0.0,2.0,1.0,0.0,1.0,1.0,0.0,0.0,2.0,26.0,3.0,29.0,9.0,12.401197381662156,0.0,1.0,1.0,0.0
0.0,0.0,0.0,0.0,1.0,1.0,2.0,0.0,3.0,2.0,0.0,1.0,0.0,1.0,0.0,1.0,37.0,4.0,41.0,8.0,11.737669618283368,0.0,1.0,0.0,1.0
0.0,0.0,0.0,0.0,1.0,1.0,2.0,0.0,3.0,2.0,0.0,1.0,1.0,0.0,0.0,2.0,29.0,5.0,34.0,9.0,12.555348061489413,0.0,1.0,0.0,1.0
6.0,1.0,1.0,7.0,0.0,1.0,1.0,0.0,2.0,2.0,0.0,1.0,1.0,0.0,0.0,2.0,51.0,7.0,58.0,6.0,10.077537443905719,0.0,1.0,1.0,0.0
0.0,0.0,0.0,0.0,0.0,1.0,2.0,1.0,2.0,2.0,0.0,1.0,1.0,0.0,0.0,2.0,19.0,2.0,21.0,7.0,10.091042453358316,0.0,1.0,0.0,1.0
0.0,0.0,0.0,0.0,1.0,3.0,2.0,0.0,4.0,3.0,0.0,1.0,1.0,0.0,0.0,2.0,73.0,6.0,79.0,14.0,18.38202663467388,1.0,1.0,0.0,1.0
0.0,0.0,0.0,0.0,0.0,1.0,2.0,1.0,2.0,3.0,0.0,1.0,1.0,0.0,0.0,2.0,18.0,6.0,24.0,15.0,18.2188758248682,1.0,1.0,0.0,0.0
0.0,0.0,0.0,0.0,1.0,1.0,4.0,0.0,3.0,3.0,0.0,1.0,1.0,0.0,0.0,2.0,19.0,4.0,23.0,8.0,11.178053830347945,0.0,1.0,0.0,1.0
6.0,1.0,1.0,7.0,0.0,3.0,2.0,1.0,3.0,3.0,0.0,1.0,0.0,1.0,0.0,1.0,1.0,3.0,4.0,9.0,10.6094379124341,0.0,1.0,1.0,0.0
0.0,0.0,0.0,0.0,1.0,1.0,2.0,1.0,3.0,2.0,0.0,1.0,1.0,0.0,0.0,2.0,54.0,18.0,72.0,6.0,10.290459441148391,0.0,1.0,1.0,0.0
0.0,0.0,0.0,0.0,0.0,1.0,1.0,0.0,2.0,1.0,0.0,1.0,0.0,1.0,0.0,1.0,2.0,4.0,6.0,5.0,6.9459101490553135,0.0,1.0,1.0,0.0
0.0,0.0,0.0,0.0,1.0,3.0,2.0,0.0,4.0,3.0,0.0,1.0,0.0,1.0,0.0,1.0,21.0,3.0,24.0,9.0,12.218875824868201,0.0,1.0,0.0,1.0
0.0,0.0,0.0,0.0,0.0,1.0,1.0,1.0,2.0,2.0,0.0,0.0,0.0,0.0,1.0,0.0,17.0,9.0,26.0,5.0,8.29583686600433,0.0,1.0,0.0,1.0
0.0,0.0,0.0,0.0,0.0,1.0,1.0,3.0,2.0,2.0,0.0,0.0,1.0,0.0,0.0,1.0,16.0,3.0,19.0,4.0,6.99573227355399,0.0,1.0,0.0,1.0
0.0,0.0,0.0,0.0,0.0,2.0,4.0,0.0,3.0,2.0,0.0,0.0,0.0,1.0,0.0,0.0,69.0,3.0,72.0,7.0,11.290459441148391,0.0,1.0,0.0,1.0
0.0,0.0,0.0,0.0,1.0,3.0,2.0,0.0,4.0,3.0,0.0,1.0,1.0,0.0,0.0,2.0,42.0,8.0,50.0,8.0,11.931825632724326,0.0,1.0,0.0,1.0
0.0,0.0,0.0,0.0,0.0,0.0,2.0,0.0,1.0,3.0,0.0,0.0,0.0,1.0,0.0,0.0,29.0,2.0,31.0,6.0,9.465735902799727,0.0,2.0,0.0,1.0
0.0,0.0,0.0,0.0,1.0,1.0,2.0,0.0,3.0,2.0,0.0,1.0,0.0,1.0,0.0,1.0,29.0,13.0,42.0,14.0,17.761200115693562,1.0,1.0,0.0,1.0
0.0,0.0,0.0,0.0,0.0,1.0,4.0,0.0,2.0,0.7,0.0,0.0,0.0,0.0,1.0,0.0,22.0,2.0,24.0,11.0,14.218875824868201,1.0,1.0,0.0,1.0
0.0,0.0,0.0,0.0,1.0,0.0,3.0,0.0,2.0,2.0,0.0,1.0,1.0,0.0,0.0,2.0,1.0,4.0,5.0,8.0,9.791759469228055,0.0,1.0,1.0,0.0
0.0,0.0,0.0,0.0,1.0,4.0,3.0,0.0,4.0,5.0,1.0,1.0,1.0,0.0,0.0,3.0,38.0,2.0,40.0,17.0,20.71357206670431,1.0,1.0,1.0,0.0
0.0,0.0,0.0,0.0,0.0,0.0,2.0,1.0,1.0,3.0,0.0,1.0,1.0,0.0,0.0,2.0,32.0,22.0,54.0,7.0,11.007333185232472,0.0,1.0,1.0,0.0
0.0,0.0,0.0,0.0,1.0,3.0,4.0,0.0,4.0,2.0,0.0,1.0,1.0,0.0,0.0,2.0,36.0,10.0,46.0,18.0,21.85014760171006,1.0,1.0,0.0,1.0
0.0,0.0,0.0,0.0,0.0,1.0,2.0,3.0,2.0,1.0,0.0,1.0,1.0,0.0,0.0,2.0,13.0,2.0,15.0,8.0,10.772588722239782,0.0,1.0,0.0,0.0
0.0,0.0,0.0,0.0,0.0,1.0,3.0,2.0,2.0,2.0,0.0,1.0,0.0,1.0,0.0,1.0,22.0,14.0,36.0,10.0,13.610917912644224,0.0,1.0,1.0,0.0
6.0,1.0,1.0,7.0,0.0,2.0,2.0,2.0,3.0,4.0,1.0,1.0,0.0,1.0,0.0,2.0,18.0,6.0,24.0,6.0,9.218875824868201,0.0,1.0,1.0,0.0
0.0,0.0,0.0,0.0,1.0,2.0,3.0,0.0,4.0,1.0,0.0,1.0,0.0,1.0,0.0,1.0,22.0,2.0,24.0,10.0,13.218875824868201,0.0,1.0,0.0,1.0
0.0,0.0,0.0,0.0,0.0,0.0,1.0,0.0,1.0,1.0,0.0,1.0,0.0,1.0,0.0,1.0,17.0,19.0,36.0,8.0,11.610917912644224,0.0,1.0,0.0,1.0
6.0,1.0,1.0,7.0,0.0,4.0,6.0,0.0,3.0,2.0,0.0,1.0,1.0,0.0,0.0,2.0,9.0,3.0,12.0,16.0,18.564949357461536,1.0,1.0,1.0,0.0
6.0,1.0,1.0,7.0,1.0,2.0,3.0,0.0,4.0,4.0,1.0,1.0,1.0,0.0,0.0,3.0,17.0,3.0,20.0,11.0,14.044522437723423,1.0,1.0,1.0,0.0
0.0,0.0,0.0,0.0,1.0,3.0,4.0,0.0,4.0,2.0,0.0,1.0,1.0,0.0,0.0,2.0,24.0,1.0,25.0,8.0,11.258096538021482,0.0,1.0,0.0,1.0
6.0,1.0,1.0,7.0,0.0,2.0,2.0,1.0,3.0,2.0,0.0,1.0,1.0,0.0,0.0,2.0,9.0,6.0,15.0,8.0,10.772588722239782,0.0,1.0,1.0,0.0
0.0,0.0,0.0,0.0,1.0,0.0,1.0,0.0,2.0,2.0,0.0,0.0,1.0,0.0,0.0,1.0,14.0,10.0,24.0,4.0,7.218875824868201,0.0,1.0,0.0,1.0
0.0,0.0,0.0,0.0,1.0,1.0,1.0,0.0,3.0,2.0,0.0,1.0,1.0,0.0,0.0,2.0,17.0,3.0,20.0,5.0,8.044522437723423,0.0,1.0,0.0,1.0
0.0,0.0,0.0,0.0,1.0,1.0,1.0,0.0,3.0,1.0,0.0,0.0,0.0,0.0,1.0,0.0,16.0,4.0,20.0,6.0,9.044522437723423,0.0,1.0,0.0,1.0
0.0,0.0,0.0,0.0,1.0,3.0,1.0,0.0,4.0,2.5,0.0,1.0,1.0,0.0,0.0,2.0,9.0,14.0,23.0,16.0,19.178053830347945,1.0,1.0,0.0,1.0
6.0,1.0,1.0,7.0,1.0,1.0,3.0,1.0,3.0,1.5,0.0,1.0,1.0,0.0,0.0,2.0,14.0,18.0,32.0,10.0,13.49650756146648,0.0,1.0,1.0,0.0
6.0,1.0,1.0,7.0,0.0,0.0,2.0,0.0,1.0,2.0,0.0,1.0,1.0,0.0,0.0,2.0,84.0,5.0,89.0,10.0,14.499809670330265,1.0,1.0,1.0,0.0
0.0,0.0,0.0,0.0,1.0,1.0,1.0,0.0,3.0,2.0,0.0,0.0,0.0,1.0,0.0,0.0,29.0,3.0,32.0,8.0,11.49650756146648,0.0,1.0,0.0,1.0
0.0,0.0,0.0,0.0,1.0,3.0,3.0,1.0,4.0,1.0,0.0,0.0,0.0,0.0,1.0,0.0,10.0,3.0,13.0,7.0,9.639057329615259,0.0,1.0,0.0,1.0
0.0,0.0,0.0,0.0,0.0,2.0,1.0,2.0,3.0,4.0,1.0,1.0,1.0,0.0,0.0,3.0,35.0,6.0,41.0,11.0,14.737669618283368,1.0,1.0,0.0,0.0
0.0,0.0,0.0,0.0,1.0,4.0,4.0,0.0,4.0,2.0,0.0,1.0,0.0,1.0,0.0,1.0,40.0,8.0,48.0,20.0,23.891820298110627,1.0,1.0,0.0,0.0
0.0,0.0,0.0,0.0,0.0,0.0,3.0,0.0,1.0,2.0,0.0,1.0,1.0,0.0,0.0,2.0,1.0,3.0,4.0,5.0,6.6094379124341005,0.0,1.0,0.0,1.0
0.0,0.0,0.0,0.0,1.0,3.0,2.0,2.0,4.0,4.0,1.0,1.0,1.0,0.0,0.0,3.0,97.0,8.0,105.0,20.0,24.663439094112068,1.0,1.0,1.0,0.0
0.0,0.0,0.0,0.0,0.0,0.0,2.0,0.0,1.0,2.0,0.0,1.0,1.0,0.0,0.0,2.0,35.0,3.0,38.0,11.0,14.663561646129647,1.0,1.0,1.0,0.0
0.0,0.0,0.0,0.0,0.0,1.0,3.0,0.0,2.0,2.0,0.0,1.0,1.0,0.0,0.0,2.0,12.0,4.0,16.0,4.0,6.833213344056216,0.0,1.0,0.0,1.0
0.0,0.0,0.0,0.0,0.0,1.0,2.0,0.0,2.0,1.0,0.0,1.0,0.0,1.0,0.0,1.0,36.0,17.0,53.0,8.0,11.988984046564275,0.0,1.0,0.0,1.0
0.0,0.0,0.0,0.0,0.0,1.0,1.0,0.0,2.0,3.0,0.0,1.0,1.0,0.0,0.0,2.0,43.0,2.0,45.0,11.0,14.828641396489095,1.0,1.0,1.0,0.0
0.0,0.0,0.0,0.0,0.0,2.0,3.0,1.0,3.0,2.0,0.0,1.0,1.0,0.0,0.0,2.0,32.0,3.0,35.0,12.0,15.583518938456109,1.0,1.0,0.0,1.0
0.0,0.0,0.0,0.0,0.0,2.0,4.0,0.0,3.0,1.0,0.0,1.0,1.0,0.0,0.0,2.0,60.0,11.0,71.0,6.0,10.276666119016056,0.0,1.0,0.0,0.0
0.0,0.0,0.0,0.0,0.0,0.0,3.0,0.0,1.0,2.0,0.0,1.0,0.0,1.0,0.0,1.0,84.0,6.0,90.0,13.0,17.51085950651685,1.0,1.0,0.0,1.0
0.0,0.0,0.0,0.0,0.0,0.0,2.0,2.0,1.0,2.0,0.0,0.0,0.0,0.0,1.0,0.0,6.0,3.0,9.0,11.0,13.302585092994047,0.0,1.0,0.0,0.0
0.0,0.0,0.0,0.0,1.0,2.0,4.0,0.0,4.0,2.0,0.0,1.0,1.0,0.0,0.0,2.0,27.0,10.0,37.0,5.0,8.637586159726386,0.0,1.0,0.0,1.0
6.0,1.0,1.0,7.0,1.0,1.0,3.0,0.0,3.0,3.0,0.0,0.0,0.0,0.0,1.0,0.0,21.0,3.0,24.0,12.0,15.218875824868201,1.0,1.0,1.0,0.0
0.0,0.0,0.0,0.0,1.0,1.0,3.0,0.0,3.0,1.5,0.0,1.0,1.0,0.0,0.0,2.0,34.0,5.0,39.0,13.0,16.688879454113938,1.0,1.0,0.0,1.0
6.0,1.0,1.0,7.0,0.0,4.0,1.0,1.0,3.0,3.0,0.0,1.0,1.0,0.0,0.0,2.0,17.0,8.0,25.0,7.0,10.258096538021482,0.0,1.0,1.0,0.0
0.0,0.0,0.0,0.0,0.0,2.0,1.0,0.0,3.0,1.0,0.0,1.0,0.0,1.0,0.0,1.0,23.0,6.0,29.0,14.0,17.401197381662154,1.0,1.0,0.0,1.0
0.0,0.0,0.0,0.0,0.0,2.0,2.0,1.0,3.0,2.0,0.0,1.0,1.0,0.0,0.0,2.0,17.0,12.0,29.0,7.0,10.401197381662156,0.0,1.0,0.0,1.0
0.0,0.0,0.0,0.0,0.0,0.0,1.0,0.0,1.0,2.0,0.0,0.0,0.0,0.0,1.0,0.0,16.0,18.0,34.0,4.0,7.555348061489413,0.0,1.0,0.0,1.0
0.0,0.0,0.0,0.0,0.0,1.0,2.0,0.0,2.0,3.0,0.0,1.0,1.0,0.0,0.0,2.0,35.0,13.0,48.0,4.0,7.891820298110627,0.0,1.0,0.0,1.0
0.0,0.0,0.0,0.0,0.0,1.0,3.0,2.0,2.0,2.0,0.0,0.0,0.0,1.0,0.0,0.0,8.0,4.0,12.0,7.0,9.564949357461536,0.0,1.0,1.0,0.0
0.0,0.0,0.0,0.0,1.0,2.0,1.0,2.0,4.0,2.0,0.0,0.0,0.0,0.0,1.0,0.0,8.0,2.0,10.0,8.0,10.39789527279837,0.0,1.0,0.0,1.0
6.0,1.0,1.0,7.0,0.0,2.0,4.0,0.0,3.0,2.0,0.0,1.0,1.0,0.0,0.0,2.0,95.0,2.0,97.0,13.0,17.58496747867057,1.0,1.0,1.0,0.0
0.0,0.0,0.0,0.0,1.0,2.0,2.0,1.0,4.0,2.0,0.0,1.0,1.0,0.0,0.0,2.0,63.0,88.0,151.0,8.0,13.023880520846276,0.0,1.0,0.0,1.0
0.0,0.0,0.0,0.0,1.0,2.0,2.0,0.0,4.0,1.0,0.0,0.0,0.0,0.0,1.0,0.0,23.0,8.0,31.0,7.0,10.465735902799727,0.0,1.0,0.0,1.0
6.0,1.0,1.0,7.0,0.0,1.0,1.0,0.0,2.0,1.0,0.0,1.0,1.0,0.0,0.0,2.0,18.0,12.0,30.0,5.0,8.433987204485145,0.0,1.0,1.0,0.0
0.0,0.0,0.0,0.0,0.0,0.0,2.0,0.0,1.0,1.0,0.0,1.0,1.0,0.0,0.0,2.0,14.0,3.0,17.0,6.0,8.890371757896165,0.0,1.0,0.0,0.0
0.0,0.0,0.0,0.0,1.0,4.0,4.0,0.0,4.0,3.0,0.0,1.0,1.0,0.0,0.0,2.0,15.0,2.0,17.0,12.0,14.890371757896165,1.0,1.0,0.0,1.0
0.0,0.0,0.0,0.0,0.0,2.0,2.0,0.0,3.0,2.0,0.0,0.0,0.0,0.0,1.0,0.0,18.0,2.0,20.0,11.0,14.044522437723423,1.0,1.0,0.0,1.0
6.0,1.0,1.0,7.0,0.0,2.0,4.0,0.0,3.0,1.0,0.0,1.0,0.0,1.0,0.0,1.0,38.0,6.0,44.0,9.0,12.80666248977032,0.0,1.0,1.0,0.0
0.0,0.0,0.0,0.0,1.0,1.0,2.0,2.0,3.0,2.0,0.0,1.0,0.0,1.0,0.0,1.0,40.0,5.0,45.0,8.0,11.828641396489095,0.0,1.0,0.0,1.0
6.0,1.0,1.0,7.0,0.0,1.0,5.0,0.0,2.0,1.5,0.0,1.0,1.0,0.0,0.0,2.0,13.0,2.0,15.0,8.0,10.772588722239782,0.0,1.0,1.0,0.0
6.0,1.0,1.0,7.0,1.0,4.0,4.0,0.0,4.0,2.0,0.0,0.0,0.0,0.0,1.0,0.0,1.0,2.0,3.0,12.0,13.38629436111989,0.0,1.0,1.0,0.0
0.0,0.0,0.0,0.0,1.0,2.0,4.0,2.0,4.0,2.0,0.0,0.0,0.0,1.0,0.0,0.0,54.0,8.0,62.0,13.0,17.143134726391533,1.0,1.0,0.0,1.0
0.0,0.0,0.0,0.0,0.0,3.0,2.0,0.0,3.0,2.0,0.0,1.0,1.0,0.0,0.0,2.0,37.0,3.0,40.0,16.0,19.71357206670431,1.0,1.0,0.0,1.0
0.0,0.0,0.0,0.0,0.0,1.0,3.0,0.0,2.0,2.0,0.0,1.0,0.0,1.0,0.0,1.0,37.0,2.0,39.0,11.0,14.688879454113936,1.0,1.0,0.0,0.0
0.0,0.0,0.0,0.0,1.0,2.0,5.0,0.0,4.0,4.0,1.0,1.0,1.0,0.0,0.0,3.0,24.0,3.0,27.0,11.0,14.332204510175204,1.0,1.0,1.0,0.0
0.0,0.0,0.0,0.0,1.0,4.0,3.0,0.0,4.0,2.0,0.0,0.0,0.0,1.0,0.0,0.0,82.0,2.0,84.0,9.0,13.442651256490317,0.0,1.0,0.0,1.0
0.0,0.0,0.0,0.0,1.0,2.0,3.0,2.0,4.0,6.0,1.0,1.0,1.0,0.0,0.0,3.0,27.0,6.0,33.0,8.0,11.526360524616162,0.0,1.0,0.0,0.0
6.0,1.0,1.0,7.0,0.0,1.0,1.0,1.0,2.0,2.0,0.0,1.0,0.0,1.0,0.0,1.0,84.0,4.0,88.0,15.0,19.48863636973214,1.0,1.0,1.0,0.0
6.0,1.0,1.0,7.0,1.0,1.0,1.0,0.0,3.0,2.0,0.0,1.0,0.0,1.0,0.0,1.0,9.0,11.0,20.0,7.0,10.044522437723423,0.0,1.0,1.0,0.0
0.0,0.0,0.0,0.0,0.0,1.0,2.0,0.0,2.0,1.0,0.0,0.0,0.0,1.0,0.0,0.0,63.0,6.0,69.0,10.0,14.248495242049358,1.0,1.0,0.0,1.0
0.0,0.0,0.0,0.0,1.0,2.0,3.0,0.0,4.0,2.0,0.0,1.0,1.0,0.0,0.0,2.0,5.0,2.0,7.0,9.0,11.079441541679836,0.0,1.0,0.0,1.0
0.0,0.0,0.0,0.0,0.0,0.0,1.0,1.0,1.0,1.0,0.0,1.0,1.0,0.0,0.0,2.0,10.0,4.0,14.0,6.0,8.70805020110221,0.0,1.0,0.0,1.0
6.0,1.0,1.0,7.0,1.0,1.0,1.0,0.0,3.0,3.0,0.0,1.0,1.0,0.0,0.0,2.0,55.0,2.0,57.0,8.0,12.060443010546418,0.0,1.0,1.0,0.0
6.0,1.0,1.0,7.0,0.0,3.0,4.0,2.0,3.0,4.0,1.0,0.0,0.0,0.0,1.0,1.0,17.0,2.0,19.0,8.0,10.99573227355399,0.0,1.0,1.0,0.0
0.0,0.0,0.0,0.0,1.0,2.0,4.0,0.0,4.0,2.0,0.0,1.0,1.0,0.0,0.0,2.0,8.0,7.0,15.0,6.0,8.772588722239782,0.0,1.0,1.0,0.0
6.0,1.0,1.0,7.0,1.0,1.0,3.0,1.0,3.0,3.0,0.0,1.0,1.0,0.0,0.0,2.0,14.0,4.0,18.0,9.0,11.94443897916644,0.0,1.0,1.0,0.0
6.0,1.0,1.0,7.0,0.0,2.0,2.0,1.0,3.0,2.0,0.0,1.0,1.0,0.0,0.0,2.0,13.0,2.0,15.0,16.0,18.77258872223978,1.0,1.0,1.0,0.0
0.0,0.0,0.0,0.0,0.0,1.0,2.0,2.0,2.0,1.0,0.0,1.0,1.0,0.0,0.0,2.0,10.0,4.0,14.0,9.0,11.70805020110221,0.0,1.0,0.0,0.0
0.0,0.0,0.0,0.0,0.0,1.0,2.0,1.0,2.0,2.0,0.0,1.0,1.0,0.0,0.0,2.0,11.0,2.0,13.0,10.0,12.639057329615259,0.0,1.0,0.0,1.0
0.0,0.0,0.0,0.0,0.0,3.0,4.0,0.0,3.0,3.0,0.0,1.0,1.0,0.0,0.0,2.0,14.0,15.0,29.0,10.0,13.401197381662156,0.0,1.0,1.0,0.0
0.0,0.0,0.0,0.0,1.0,3.0,2.0,0.0,4.0,2.0,0.0,1.0,1.0,0.0,0.0,2.0,48.0,3.0,51.0,15.0,18.951243718581427,1.0,1.0,0.0,1.0
0.0,0.0,0.0,0.0,0.0,3.0,3.0,1.0,3.0,2.0,0.0,1.0,1.0,0.0,0.0,2.0,23.0,9.0,32.0,13.0,16.49650756146648,1.0,1.0,0.0,1.0
0.0,0.0,0.0,0.0,0.0,1.0,2.0,1.0,2.0,3.0,0.0,1.0,0.0,1.0,0.0,1.0,19.0,9.0,28.0,11.0,14.367295829986475,1.0,1.0,0.0,0.0
0.0,0.0,0.0,0.0,0.0,1.0,1.0,0.0,2.0,2.0,0.0,0.0,0.0,1.0,0.0,0.0,49.0,12.0,61.0,8.0,12.127134385045093,0.0,1.0,1.0,0.0
0.0,0.0,0.0,0.0,1.0,2.0,3.0,0.0,4.0,3.0,0.0,1.0,0.0,1.0,0.0,1.0,27.0,5.0,32.0,9.0,12.49650756146648,0.0,1.0,0.0,1.0
0.0,0.0,0.0,0.0,0.0,1.0,3.0,0.0,2.0,2.0,0.0,1.0,1.0,0.0,0.0,2.0,26.0,5.0,31.0,5.0,8.465735902799727,0.0,1.0,0.0,1.0
6.0,1.0,1.0,7.0,0.0,2.0,2.0,1.0,3.0,1.0,0.0,1.0,0.0,1.0,0.0,1.0,47.0,6.0,53.0,9.0,12.988984046564275,0.0,1.0,1.0,0.0
6.0,1.0,1.0,7.0,0.0,0.0,1.0,2.0,1.0,2.0,0.0,0.0,0.0,0.0,1.0,0.0,11.0,2.0,13.0,4.0,6.639057329615259,0.0,1.0,1.0,0.0
0.0,0.0,0.0,0.0,0.0,0.0,1.0,0.0,1.0,2.0,0.0,0.0,0.0,0.0,1.0,0.0,35.0,8.0,43.0,9.0,12.784189633918261,0.0,1.0,0.0,1.0
6.0,1.0,1.0,7.0,0.0,4.0,4.0,0.0,3.0,3.0,0.0,1.0,0.0,1.0,0.0,1.0,25.0,34.0,59.0,17.0,21.0943445622221,1.0,1.0,1.0,0.0
0.0,0.0,0.0,0.0,1.0,2.0,3.0,0.0,4.0,3.0,0.0,1.0,0.0,1.0,0.0,1.0,52.0,9.0,61.0,10.0,14.127134385045093,1.0,1.0,0.0,1.0
0.0,0.0,0.0,0.0,1.0,0.0,1.0,0.0,2.0,3.0,0.0,0.0,0.0,0.0,1.0,0.0,19.0,4.0,23.0,5.0,8.178053830347945,0.0,1.0,1.0,0.0
0.0,0.0,0.0,0.0,0.0,1.0,3.0,0.0,2.0,2.0,0.0,0.0,1.0,0.0,0.0,1.0,53.0,5.0,58.0,4.0,8.077537443905719,0.0,1.0,0.0,1.0
0.0,0.0,0.0,0.0,1.0,2.0,1.0,0.0,4.0,4.0,1.0,1.0,1.0,0.0,0.0,3.0,40.0,2.0,42.0,19.0,22.761200115693562,1.0,1.0,0.0,1.0
6.0,1.0,1.0,7.0,0.0,2.0,2.0,1.0,3.0,4.0,1.0,1.0,1.0,0.0,0.0,3.0,1.0,9.0,10.0,8.0,10.39789527279837,0.0,1.0,1.0,0.0
0.0,0.0,0.0,0.0,1.0,2.0,3.0,0.0,4.0,3.0,0.0,1.0,0.0,1.0,0.0,1.0,26.0,3.0,29.0,10.0,13.401197381662156,0.0,1.0,0.0,1.0
0.0,0.0,0.0,0.0,0.0,1.0,3.0,0.0,2.0,6.0,1.0,1.0,1.0,0.0,0.0,3.0,47.0,2.0,49.0,12.0,15.912023005428146,1.0,1.0,0.0,1.0
0.0,0.0,0.0,0.0,0.0,0.0,4.0,0.0,1.0,2.0,0.0,1.0,1.0,0.0,0.0,2.0,47.0,11.0,58.0,13.0,17.07753744390572,1.0,1.0,0.0,1.0
0.0,0.0,0.0,0.0,0.0,2.0,3.0,0.0,3.0,2.0,0.0,1.0,0.0,1.0,0.0,1.0,16.0,1.0,17.0,10.0,12.890371757896165,0.0,1.0,0.0,1.0
0.0,0.0,0.0,0.0,0.0,1.0,1.0,0.0,2.0,2.0,0.0,0.0,0.0,0.0,1.0,0.0,38.0,2.0,40.0,7.0,10.713572066704309,0.0,1.0,1.0,0.0
6.0,1.0,1.0,7.0,0.0,1.0,3.0,2.0,2.0,2.0,0.0,1.0,0.0,1.0,0.0,1.0,21.0,2.0,23.0,5.0,8.178053830347945,0.0,1.0,1.0,0.0
0.0,0.0,0.0,0.0,0.0,1.0,2.0,0.0,2.0,5.0,1.0,1.0,1.0,0.0,0.0,3.0,29.0,2.0,31.0,4.0,7.465735902799727,0.0,1.0,0.0,1.0
0.0,0.0,0.0,0.0,1.0,2.0,3.0,1.0,4.0,6.0,1.0,0.0,1.0,0.0,0.0,2.0,19.0,2.0,21.0,9.0,12.091042453358316,0.0,1.0,0.0,1.0
0.0,0.0,0.0,0.0,0.0,1.0,1.0,0.0,2.0,1.0,0.0,1.0,0.0,1.0,0.0,1.0,31.0,2.0,33.0,5.0,8.526360524616162,0.0,1.0,0.0,1.0
0.0,0.0,0.0,0.0,1.0,3.0,1.0,0.0,4.0,2.0,0.0,0.0,1.0,0.0,0.0,1.0,27.0,22.0,49.0,14.0,17.912023005428146,1.0,1.0,0.0,1.0
0.0,0.0,0.0,0.0,1.0,2.0,2.0,0.0,4.0,2.0,0.0,1.0,1.0,0.0,0.0,2.0,40.0,7.0,47.0,13.0,16.871201010907892,1.0,1.0,0.0,1.0
0.0,0.0,0.0,0.0,0.0,1.0,2.0,0.0,2.0,4.0,1.0,0.0,1.0,0.0,0.0,2.0,38.0,6.0,44.0,8.0,11.80666248977032,0.0,1.0,1.0,0.0
0.0,0.0,0.0,0.0,0.0,2.0,3.0,0.0,3.0,10.0,1.0,1.0,1.0,0.0,0.0,3.0,13.0,2.0,15.0,9.0,11.772588722239782,0.0,1.0,0.0,1.0
0.0,0.0,0.0,0.0,1.0,1.0,2.0,1.0,3.0,3.0,0.0,1.0,1.0,0.0,0.0,2.0,39.0,2.0,41.0,11.0,14.737669618283368,1.0,1.0,0.0,0.0
0.0,0.0,0.0,0.0,1.0,3.0,2.0,0.0,4.0,4.0,1.0,1.0,1.0,0.0,0.0,3.0,30.0,9.0,39.0,14.0,17.688879454113938,1.0,1.0,1.0,0.0
0.0,0.0,0.0,0.0,1.0,3.0,4.0,0.0,4.0,2.0,0.0,1.0,0.0,1.0,0.0,1.0,27.0,8.0,35.0,10.0,13.583518938456109,0.0,1.0,1.0,0.0
0.0,0.0,0.0,0.0,1.0,1.0,2.0,0.0,3.0,1.5,0.0,0.0,1.0,0.0,0.0,1.0,74.0,29.0,103.0,9.0,13.644390899141372,0.0,1.0,0.0,1.0
0.0,0.0,0.0,0.0,0.0,2.0,3.0,0.0,3.0,2.0,0.0,1.0,0.0,1.0,0.0,1.0,17.0,11.0,28.0,8.0,11.367295829986475,0.0,1.0,0.0,1.0
6.0,1.0,1.0,7.0,0.0,1.0,1.0,0.0,2.0,2.0,0.0,0.0,0.0,0.0,1.0,0.0,13.0,2.0,15.0,9.0,11.772588722239782,0.0,1.0,1.0,0.0
0.0,0.0,0.0,0.0,1.0,4.0,2.0,2.0,4.0,2.0,0.0,1.0,1.0,0.0,0.0,2.0,46.0,6.0,52.0,13.0,16.97029191355212,1.0,1.0,0.0,1.0
0.0,0.0,0.0,0.0,1.0,1.0,2.0,0.0,3.0,2.0,0.0,1.0,0.0,1.0,0.0,1.0,20.0,3.0,23.0,8.0,11.178053830347945,0.0,1.0,0.0,1.0
0.0,0.0,0.0,0.0,1.0,1.0,6.0,0.0,3.0,2.0,0.0,1.0,0.0,1.0,0.0,1.0,25.0,2.0,27.0,9.0,12.332204510175204,0.0,1.0,0.0,1.0
6.0,1.0,1.0,7.0,0.0,1.0,3.0,1.0,2.0,2.0,0.0,0.0,1.0,0.0,0.0,1.0,26.0,3.0,29.0,12.0,15.401197381662156,1.0,1.0,1.0,0.0
6.0,1.0,1.0,7.0,0.0,3.0,3.0,0.0,3.0,2.0,0.0,1.0,1.0,0.0,0.0,2.0,31.0,29.0,60.0,18.0,22.11087386417331,1.0,1.0,1.0,0.0
0.0,0.0,0.0,0.0,0.0,1.0,2.0,0.0,2.0,3.0,0.0,1.0,1.0,0.0,0.0,2.0,48.0,3.0,51.0,8.0,11.951243718581427,0.0,1.0,0.0,1.0
6.0,1.0,1.0,7.0,0.0,2.0,2.0,1.0,3.0,2.0,0.0,1.0,1.0,0.0,0.0,2.0,38.0,22.0,60.0,9.0,13.11087386417331,0.0,1.0,1.0,0.0
0.0,0.0,0.0,0.0,1.0,1.0,2.0,1.0,3.0,3.0,0.0,1.0,1.0,0.0,0.0,2.0,4.0,2.0,6.0,16.0,17.94591014905531,1.0,1.0,0.0,1.0
6.0,1.0,1.0,7.0,1.0,1.0,2.0,2.0,3.0,2.0,0.0,0.0,0.0,1.0,0.0,0.0,35.0,4.0,39.0,4.0,7.688879454113936,0.0,1.0,1.0,0.0
6.0,1.0,1.0,7.0,0.0,0.0,1.0,2.0,1.0,2.0,0.0,0.0,0.0,0.0,1.0,0.0,6.0,2.0,8.0,5.0,7.19722457733622,0.0,1.0,1.0,0.0
0.0,0.0,0.0,0.0,0.0,0.0,2.0,2.0,1.0,2.0,0.0,1.0,1.0,0.0,0.0,2.0,23.0,4.0,27.0,6.0,9.332204510175204,0.0,1.0,1.0,0.0
0.0,0.0,0.0,0.0,0.0,3.0,1.0,0.0,3.0,4.0,1.0,0.0,0.0,1.0,0.0,1.0,55.0,5.0,60.0,10.0,14.11087386417331,1.0,1.0,0.0,1.0
0.0,0.0,0.0,0.0,1.0,1.0,3.0,0.0,3.0,2.0,0.0,1.0,0.0,1.0,0.0,1.0,7.0,6.0,13.0,8.0,10.639057329615259,0.0,1.0,1.0,0.0
0.0,0.0,0.0,0.0,0.0,2.0,1.0,1.0,3.0,2.0,0.0,1.0,0.0,1.0,0.0,1.0,14.0,3.0,17.0,12.0,14.890371757896165,1.0,1.0,0.0,1.0
0.0,0.0,0.0,0.0,0.0,3.0,3.0,1.0,3.0,3.0,0.0,1.0,1.0,0.0,0.0,2.0,49.0,2.0,51.0,15.0,18.951243718581427,1.0,1.0,0.0,1.0
0.0,0.0,0.0,0.0,1.0,1.0,1.0,0.0,3.0,2.0,0.0,1.0,1.0,0.0,0.0,2.0,24.0,3.0,27.0,9.0,12.332204510175204,0.0,1.0,0.0,1.0
0.0,0.0,0.0,0.0,1.0,4.0,3.0,0.0,4.0,4.0,1.0,1.0,1.0,0.0,0.0,3.0,13.0,5.0,18.0,13.0,15.94443897916644,1.0,1.0,0.0,1.0
0.0,0.0,0.0,0.0,1.0,4.0,2.0,0.0,4.0,2.0,0.0,1.0,1.0,0.0,0.0,2.0,43.0,10.0,53.0,10.0,13.988984046564275,0.0,1.0,0.0,1.0
0.0,0.0,0.0,0.0,1.0,1.0,4.0,2.0,3.0,2.0,0.0,1.0,1.0,0.0,0.0,2.0,39.0,23.0,62.0,13.0,17.143134726391533,1.0,1.0,0.0,1.0
0.0,0.0,0.0,0.0,1.0,3.0,3.0,0.0,4.0,2.0,0.0,1.0,1.0,0.0,0.0,2.0,16.0,5.0,21.0,12.0,15.091042453358316,1.0,1.0,0.0,1.0
0.0,0.0,0.0,0.0,1.0,2.0,1.0,1.0,4.0,2.0,0.0,0.0,0.0,1.0,0.0,0.0,27.0,7.0,34.0,6.0,9.555348061489413,0.0,1.0,0.0,1.0
0.0,0.0,0.0,0.0,1.0,1.0,1.0,0.0,3.0,1.0,0.0,1.0,1.0,0.0,0.0,2.0,49.0,2.0,51.0,11.0,14.951243718581427,1.0,1.0,0.0,1.0
0.0,0.0,0.0,0.0,0.0,1.0,4.0,0.0,2.0,3.0,0.0,1.0,0.0,1.0,0.0,1.0,35.0,4.0,39.0,8.0,11.688879454113936,0.0,1.0,0.0,1.0
0.0,0.0,0.0,0.0,0.0,0.0,1.0,0.0,1.0,1.0,0.0,0.0,0.0,0.0,1.0,0.0,19.0,3.0,22.0,6.0,9.13549421592915,0.0,1.0,1.0,0.0
0.0,0.0,0.0,0.0,1.0,1.0,2.0,2.0,3.0,2.0,0.0,1.0,0.0,1.0,0.0,1.0,35.0,10.0,45.0,5.0,8.828641396489095,0.0,1.0,0.0,1.0
0.0,0.0,0.0,0.0,0.0,1.0,1.0,0.0,2.0,1.0,0.0,0.0,0.0,0.0,1.0,0.0,46.0,11.0,57.0,10.0,14.060443010546418,1.0,1.0,0.0,0.0
6.0,1.0,1.0,7.0,1.0,1.0,4.0,1.0,3.0,2.0,0.0,1.0,1.0,0.0,0.0,2.0,4.0,5.0,9.0,8.0,10.302585092994047,0.0,1.0,1.0,0.0
6.0,1.0,1.0,7.0,1.0,0.0,1.0,0.0,2.0,2.0,0.0,1.0,0.0,0.0,1.0,1.0,17.0,2.0,19.0,7.0,9.99573227355399,0.0,1.0,1.0,0.0
0.0,0.0,0.0,0.0,1.0,1.0,6.0,0.0,3.0,2.0,0.0,0.0,0.0,1.0,0.0,0.0,10.0,3.0,13.0,16.0,18.63905732961526,1.0,1.0,0.0,1.0
0.0,0.0,0.0,0.0,1.0,3.0,2.0,2.0,4.0,3.0,0.0,0.0,1.0,0.0,0.0,1.0,31.0,2.0,33.0,10.0,13.526360524616162,0.0,1.0,0.0,1.0
0.0,0.0,0.0,0.0,0.0,2.0,1.0,2.0,3.0,1.0,0.0,1.0,1.0,0.0,0.0,2.0,32.0,4.0,36.0,8.0,11.610917912644224,0.0,1.0,0.0,1.0
6.0,1.0,1.0,7.0,1.0,0.0,1.0,1.0,2.0,2.0,0.0,1.0,1.0,0.0,0.0,2.0,20.0,6.0,26.0,8.0,11.29583686600433,0.0,1.0,1.0,0.0
0.0,0.0,0.0,0.0,1.0,1.0,2.0,0.0,3.0,2.0,0.0,1.0,0.0,1.0,0.0,1.0,23.0,3.0,26.0,4.0,7.295836866004329,0.0,1.0,0.0,1.0
0.0,0.0,0.0,0.0,0.0,1.0,2.0,0.0,2.0,2.0,0.0,1.0,0.0,1.0,0.0,1.0,39.0,10.0,49.0,7.0,10.912023005428146,0.0,1.0,0.0,1.0
0.0,0.0,0.0,0.0,0.0,3.0,2.0,0.0,3.0,1.0,0.0,0.0,0.0,1.0,0.0,0.0,25.0,1.0,26.0,8.0,11.29583686600433,0.0,1.0,0.0,1.0
0.0,0.0,0.0,0.0,1.0,3.0,2.0,0.0,4.0,2.0,0.0,0.0,0.0,1.0,0.0,0.0,66.0,11.0,77.0,15.0,19.35670882668959,1.0,1.0,0.0,1.0
6.0,1.0,1.0,7.0,0.0,2.0,3.0,0.0,3.0,1.0,0.0,0.0,0.0,1.0,0.0,0.0,16.0,3.0,19.0,7.0,9.99573227355399,0.0,1.0,1.0,0.0
0.0,0.0,0.0,0.0,0.0,0.0,1.0,0.0,1.0,2.0,0.0,1.0,0.0,0.0,1.0,1.0,52.0,3.0,55.0,6.0,10.02535169073515,0.0,1.0,0.0,1.0
6.0,1.0,1.0,7.0,1.0,1.0,2.0,2.0,3.0,2.0,0.0,1.0,0.0,0.0,1.0,1.0,32.0,16.0,48.0,7.0,10.891820298110627,0.0,1.0,1.0,0.0
6.0,1.0,1.0,7.0,0.0,1.0,1.0,1.0,2.0,3.0,0.0,1.0,1.0,0.0,0.0,2.0,19.0,8.0,27.0,11.0,14.332204510175204,1.0,1.0,1.0,0.0
6.0,1.0,1.0,7.0,1.0,1.0,2.0,0.0,3.0,4.0,1.0,0.0,1.0,0.0,0.0,2.0,8.0,2.0,10.0,10.0,12.39789527279837,0.0,1.0,1.0,0.0
0.0,0.0,0.0,0.0,0.0,0.0,4.0,0.0,1.0,1.0,0.0,0.0,0.0,0.0,1.0,0.0,6.0,2.0,8.0,5.0,7.19722457733622,0.0,1.0,0.0,1.0
0.0,0.0,0.0,0.0,0.0,0.0,2.0,0.0,1.0,2.0,0.0,1.0,0.0,1.0,0.0,1.0,6.0,4.0,10.0,6.0,8.39789527279837,0.0,1.0,0.0,1.0
0.0,0.0,0.0,0.0,0.0,3.0,2.0,0.0,3.0,1.0,0.0,1.0,0.0,0.0,1.0,1.0,43.0,15.0,58.0,11.0,15.077537443905719,1.0,1.0,0.0,1.0
0.0,0.0,0.0,0.0,1.0,2.0,2.0,0.0,4.0,4.0,1.0,1.0,0.0,1.0,0.0,2.0,22.0,9.0,31.0,10.0,13.465735902799727,0.0,1.0,0.0,1.0
0.0,0.0,0.0,0.0,0.0,2.0,2.0,2.0,3.0,6.0,1.0,1.0,1.0,0.0,0.0,3.0,33.0,25.0,58.0,10.0,14.077537443905719,1.0,1.0,0.0,1.0
0.0,0.0,0.0,0.0,0.0,4.0,3.0,1.0,3.0,4.0,1.0,1.0,1.0,0.0,0.0,3.0,23.0,16.0,39.0,16.0,19.688879454113938,1.0,1.0,0.0,1.0
0.0,0.0,0.0,0.0,1.0,1.0,4.0,0.0,3.0,2.0,0.0,1.0,0.0,1.0,0.0,1.0,13.0,3.0,16.0,9.0,11.833213344056215,0.0,1.0,0.0,1.0
0.0,0.0,0.0,0.0,0.0,2.0,4.0,0.0,3.0,2.0,0.0,1.0,0.0,1.0,0.0,1.0,18.0,5.0,23.0,11.0,14.178053830347945,1.0,1.0,0.0,1.0
0.0,0.0,0.0,0.0,1.0,2.0,3.0,0.0,4.0,1.0,0.0,0.0,1.0,0.0,0.0,1.0,44.0,3.0,47.0,11.0,14.87120101090789,1.0,1.0,0.0,1.0
0.0,0.0,0.0,0.0,0.0,0.0,2.0,0.0,1.0,2.0,0.0,1.0,1.0,0.0,0.0,2.0,6.0,4.0,10.0,5.0,7.397895272798371,0.0,1.0,0.0,1.0
0.0,0.0,0.0,0.0,1.0,0.0,2.0,0.0,2.0,3.0,0.0,1.0,0.0,1.0,0.0,1.0,25.0,6.0,31.0,6.0,9.465735902799727,0.0,1.0,0.0,0.0
6.0,1.0,1.0,7.0,0.0,4.0,3.0,1.0,3.0,3.0,0.0,0.0,0.0,1.0,0.0,0.0,18.0,5.0,23.0,12.0,15.178053830347945,1.0,1.0,1.0,0.0
6.0,1.0,1.0,7.0,1.0,1.0,4.0,0.0,3.0,2.0,0.0,1.0,0.0,1.0,0.0,1.0,10.0,2.0,12.0,4.0,6.564949357461536,0.0,1.0,1.0,0.0
0.0,0.0,0.0,0.0,1.0,1.0,3.0,0.0,3.0,1.0,0.0,1.0,1.0,0.0,0.0,2.0,6.0,3.0,9.0,12.0,14.302585092994047,1.0,1.0,0.0,1.0
0.0,0.0,0.0,0.0,0.0,1.0,3.0,0.0,2.0,2.0,0.0,0.0,0.0,1.0,0.0,0.0,28.0,1.0,29.0,6.0,9.401197381662156,0.0,1.0,0.0,0.0
0.0,0.0,0.0,0.0,0.0,2.0,2.0,0.0,3.0,2.0,0.0,0.0,0.0,1.0,0.0,0.0,24.0,4.0,28.0,10.0,13.367295829986475,0.0,1.0,0.0,0.0
0.0,0.0,0.0,0.0,0.0,1.0,2.0,0.0,2.0,2.0,0.0,1.0,0.0,1.0,0.0,1.0,20.0,8.0,28.0,8.0,11.367295829986475,0.0,1.0,0.0,1.0
0.0,0.0,0.0,0.0,0.0,1.0,3.0,1.0,2.0,2.0,0.0,1.0,1.0,0.0,0.0,2.0,29.0,6.0,35.0,9.0,12.583518938456109,0.0,1.0,0.0,1.0
0.0,0.0,0.0,0.0,1.0,3.0,4.0,2.0,4.0,5.0,1.0,1.0,0.0,1.0,0.0,2.0,18.0,3.0,21.0,12.0,15.091042453358316,1.0,1.0,0.0,1.0
6.0,1.0,1.0,7.0,0.0,1.0,3.0,1.0,2.0,6.0,1.0,0.0,1.0,0.0,0.0,2.0,32.0,3.0,35.0,10.0,13.583518938456109,0.0,1.0,1.0,0.0
0.0,0.0,0.0,0.0,1.0,2.0,3.0,0.0,4.0,2.0,0.0,1.0,1.0,0.0,0.0,2.0,29.0,17.0,46.0,9.0,12.85014760171006,0.0,1.0,0.0,1.0
0.0,0.0,0.0,0.0,0.0,0.0,3.0,0.0,1.0,2.0,0.0,1.0,0.0,1.0,0.0,1.0,33.0,26.0,59.0,4.0,8.094344562222101,0.0,1.0,0.0,1.0
6.0,1.0,1.0,7.0,0.0,0.0,2.0,2.0,1.0,2.0,0.0,0.0,0.0,0.0,1.0,0.0,38.0,10.0,48.0,9.0,12.891820298110627,0.0,1.0,1.0,0.0
0.0,0.0,0.0,0.0,1.0,0.0,5.0,1.0,2.0,3.0,0.0,0.0,0.0,1.0,0.0,0.0,40.0,24.0,64.0,9.0,13.174387269895636,0.0,1.0,0.0,1.0
6.0,1.0,1.0,7.0,0.0,0.0,2.0,0.0,1.0,1.0,0.0,1.0,1.0,0.0,0.0,2.0,72.0,7.0,79.0,8.0,12.382026634673881,0.0,1.0,1.0,0.0
0.0,0.0,0.0,0.0,1.0,1.0,1.0,1.0,3.0,2.0,0.0,1.0,1.0,0.0,0.0,2.0,27.0,7.0,34.0,8.0,11.555348061489413,0.0,1.0,0.0,0.0
0.0,0.0,0.0,0.0,1.0,2.0,2.0,0.0,4.0,2.0,0.0,1.0,0.0,1.0,0.0,1.0,17.0,22.0,39.0,12.0,15.688879454113936,1.0,1.0,0.0,1.0
6.0,1.0,1.0,7.0,0.0,2.0,3.0,3.0,3.0,24.0,1.0,1.0,1.0,0.0,0.0,3.0,9.0,2.0,11.0,9.0,11.484906649788,0.0,1.0,1.0,0.0
0.0,0.0,0.0,0.0,0.0,1.0,3.0,0.0,2.0,1.0,0.0,1.0,0.0,1.0,0.0,1.0,21.0,6.0,27.0,5.0,8.332204510175204,0.0,1.0,0.0,1.0
0.0,0.0,0.0,0.0,0.0,0.0,1.0,0.0,1.0,2.0,0.0,1.0,1.0,0.0,0.0,2.0,10.0,4.0,14.0,6.0,8.70805020110221,0.0,1.0,0.0,1.0
0.0,0.0,0.0,0.0,1.0,1.0,2.0,1.0,3.0,3.0,0.0,1.0,1.0,0.0,0.0,2.0,10.0,4.0,14.0,7.0,9.70805020110221,0.0,1.0,0.0,1.0
0.0,0.0,0.0,0.0,0.0,1.0,2.0,0.0,2.0,1.0,0.0,0.0,0.0,1.0,0.0,0.0,35.0,4.0,39.0,8.0,11.688879454113936,0.0,1.0,1.0,0.0
0.0,0.0,0.0,0.0,0.0,4.0,5.0,1.0,3.0,1.0,0.0,1.0,0.0,1.0,0.0,1.0,17.0,3.0,20.0,25.0,28.044522437723423,1.0,1.0,0.0,1.0
0.0,0.0,0.0,0.0,0.0,1.0,3.0,0.0,2.0,2.0,0.0,1.0,1.0,0.0,0.0,2.0,165.0,8.0,173.0,6.0,11.159055299214529,0.0,1.0,0.0,1.0
0.0,0.0,0.0,0.0,0.0,1.0,1.0,0.0,2.0,2.0,0.0,0.0,0.0,1.0,0.0,0.0,38.0,6.0,44.0,9.0,12.80666248977032,0.0,1.0,0.0,1.0
0.0,0.0,0.0,0.0,1.0,1.0,2.0,0.0,3.0,1.0,0.0,0.0,0.0,0.0,1.0,0.0,24.0,9.0,33.0,4.0,7.526360524616162,0.0,1.0,0.0,1.0
0.0,0.0,0.0,0.0,0.0,0.0,2.0,0.0,1.0,2.0,0.0,1.0,1.0,0.0,0.0,2.0,17.0,6.0,23.0,6.0,9.178053830347945,0.0,1.0,0.0,0.0
0.0,0.0,0.0,0.0,0.0,1.0,2.0,0.0,2.0,2.0,0.0,1.0,0.0,1.0,0.0,1.0,25.0,5.0,30.0,9.0,12.433987204485145,0.0,1.0,0.0,1.0
0.0,0.0,0.0,0.0,1.0,4.0,4.0,0.0,4.0,2.0,0.0,1.0,0.0,1.0,0.0,1.0,17.0,2.0,19.0,9.0,11.99573227355399,0.0,1.0,0.0,0.0
0.0,0.0,0.0,0.0,0.0,1.0,2.0,1.0,2.0,1.5,0.0,1.0,1.0,0.0,0.0,2.0,21.0,3.0,24.0,5.0,8.218875824868201,0.0,1.0,0.0,1.0
0.0,0.0,0.0,0.0,0.0,0.0,1.0,3.0,1.0,2.0,0.0,1.0,1.0,0.0,0.0,2.0,26.0,6.0,32.0,6.0,9.49650756146648,0.0,1.0,0.0,1.0
0.0,0.0,0.0,0.0,1.0,1.0,2.0,2.0,3.0,2.0,0.0,1.0,0.0,1.0,0.0,1.0,21.0,6.0,27.0,9.0,12.332204510175204,0.0,1.0,0.0,0.0
6.0,1.0,1.0,7.0,0.0,0.0,1.0,1.0,1.0,1.0,0.0,1.0,0.0,1.0,0.0,1.0,10.0,1.0,11.0,5.0,7.484906649788,0.0,1.0,1.0,0.0
0.0,0.0,0.0,0.0,0.0,0.0,3.0,0.0,1.0,3.0,0.0,1.0,1.0,0.0,0.0,2.0,40.0,3.0,43.0,10.0,13.784189633918261,0.0,1.0,0.0,1.0
0.0,0.0,0.0,0.0,0.0,0.0,3.0,0.0,1.0,1.0,0.0,1.0,1.0,0.0,0.0,2.0,62.0,5.0,67.0,12.0,16.219507705176106,1.0,1.0,0.0,1.0
0.0,0.0,0.0,0.0,0.0,3.0,2.0,1.0,3.0,2.0,0.0,0.0,1.0,0.0,0.0,1.0,19.0,4.0,23.0,10.0,13.178053830347945,0.0,1.0,1.0,0.0
0.0,0.0,0.0,0.0,1.0,3.0,1.0,0.0,4.0,3.0,0.0,0.0,0.0,1.0,0.0,0.0,23.0,6.0,29.0,10.0,13.401197381662156,0.0,1.0,0.0,1.0
0.0,0.0,0.0,0.0,0.0,1.0,5.0,0.0,2.0,2.0,0.0,1.0,1.0,0.0,0.0,2.0,6.0,2.0,8.0,4.0,6.19722457733622,0.0,1.0,0.0,1.0
0.0,0.0,0.0,0.0,1.0,2.0,2.0,0.0,4.0,2.0,0.0,0.0,0.0,1.0,0.0,0.0,20.0,5.0,25.0,9.0,12.258096538021482,0.0,1.0,0.0,1.0
0.0,0.0,0.0,0.0,0.0,0.0,1.0,0.0,1.0,2.0,0.0,1.0,1.0,0.0,0.0,2.0,26.0,2.0,28.0,4.0,7.367295829986475,0.0,1.0,0.0,1.0
6.0,1.0,1.0,7.0,1.0,1.0,2.0,0.0,3.0,2.0,0.0,0.0,1.0,0.0,0.0,1.0,31.0,3.0,34.0,12.0,15.555348061489413,1.0,1.0,1.0,0.0
0.0,0.0,0.0,0.0,0.0,2.0,5.0,0.0,3.0,2.0,0.0,1.0,0.0,1.0,0.0,1.0,46.0,9.0,55.0,8.0,12.02535169073515,0.0,1.0,0.0,1.0
0.0,0.0,0.0,0.0,0.0,1.0,3.0,0.0,2.0,1.0,0.0,1.0,1.0,0.0,0.0,2.0,17.0,4.0,21.0,10.0,13.091042453358316,0.0,1.0,0.0,1.0
0.0,0.0,0.0,0.0,0.0,0.0,1.0,1.0,1.0,2.0,0.0,1.0,0.0,1.0,0.0,1.0,17.0,4.0,21.0,6.0,9.091042453358316,0.0,1.0,1.0,0.0
6.0,1.0,1.0,7.0,0.0,1.0,3.0,0.0,2.0,3.0,0.0,1.0,1.0,0.0,0.0,2.0,16.0,5.0,21.0,6.0,9.091042453358316,0.0,1.0,1.0,0.0
0.0,0.0,0.0,0.0,0.0,0.0,2.0,0.0,1.0,2.0,0.0,1.0,1.0,0.0,0.0,2.0,54.0,6.0,60.0,6.0,10.11087386417331,0.0,1.0,0.0,1.0
0.0,0.0,0.0,0.0,0.0,0.0,1.0,0.0,1.0,0.0,0.0,0.0,0.0,0.0,1.0,0.0,29.0,3.0,32.0,14.0,17.49650756146648,1.0,1.0,1.0,0.0
6.0,1.0,1.0,7.0,1.0,3.0,3.0,2.0,4.0,1.0,0.0,1.0,0.0,1.0,0.0,1.0,27.0,7.0,34.0,9.0,12.555348061489413,0.0,1.0,1.0,0.0
0.0,0.0,0.0,0.0,0.0,1.0,2.0,2.0,2.0,1.0,0.0,1.0,0.0,1.0,0.0,1.0,6.0,7.0,13.0,15.0,17.63905732961526,1.0,1.0,0.0,1.0
0.0,0.0,0.0,0.0,1.0,1.0,1.0,0.0,3.0,1.0,0.0,1.0,1.0,0.0,0.0,2.0,34.0,2.0,36.0,7.0,10.610917912644224,0.0,1.0,0.0,0.0
0.0,0.0,0.0,0.0,0.0,2.0,2.0,1.0,3.0,2.0,0.0,1.0,0.0,1.0,0.0,1.0,20.0,12.0,32.0,9.0,12.49650756146648,0.0,1.0,0.0,1.0
0.0,0.0,0.0,0.0,0.0,2.0,2.0,2.0,3.0,4.0,1.0,1.0,1.0,0.0,0.0,3.0,39.0,6.0,45.0,16.0,19.828641396489097,1.0,1.0,0.0,1.0
0.0,0.0,0.0,0.0,0.0,0.0,1.0,1.0,1.0,4.0,1.0,1.0,1.0,0.0,0.0,3.0,23.0,12.0,35.0,6.0,9.583518938456109,0.0,1.0,0.0,1.0
0.0,0.0,0.0,0.0,0.0,2.0,2.0,0.0,3.0,2.0,0.0,1.0,1.0,0.0,0.0,2.0,19.0,2.0,21.0,7.0,10.091042453358316,0.0,1.0,0.0,1.0
0.0,0.0,0.0,0.0,1.0,2.0,3.0,0.0,4.0,2.0,0.0,1.0,1.0,0.0,0.0,2.0,41.0,28.0,69.0,10.0,14.248495242049358,1.0,1.0,0.0,1.0
0.0,0.0,0.0,0.0,0.0,0.0,3.0,0.0,1.0,2.0,0.0,1.0,1.0,0.0,0.0,2.0,17.0,4.0,21.0,8.0,11.091042453358316,0.0,1.0,0.0,1.0
0.0,0.0,0.0,0.0,0.0,2.0,6.0,0.0,3.0,4.0,1.0,1.0,1.0,0.0,0.0,3.0,53.0,14.0,67.0,16.0,20.219507705176106,1.0,1.0,0.0,1.0
0.0,0.0,0.0,0.0,0.0,1.0,1.0,0.0,2.0,2.0,0.0,1.0,1.0,0.0,0.0,2.0,13.0,5.0,18.0,12.0,14.94443897916644,1.0,1.0,0.0,1.0
0.0,0.0,0.0,0.0,0.0,1.0,3.0,0.0,2.0,2.0,0.0,1.0,1.0,0.0,0.0,2.0,4.0,17.0,21.0,17.0,20.091042453358316,1.0,1.0,0.0,1.0
0.0,0.0,0.0,0.0,0.0,1.0,3.0,0.0,2.0,6.0,1.0,1.0,1.0,0.0,0.0,3.0,17.0,5.0,22.0,5.0,8.13549421592915,0.0,1.0,1.0,0.0
6.0,1.0,1.0,7.0,1.0,3.0,2.0,2.0,4.0,3.0,0.0,1.0,0.0,1.0,0.0,1.0,23.0,9.0,32.0,12.0,15.49650756146648,1.0,1.0,1.0,0.0
0.0,0.0,0.0,0.0,1.0,2.0,3.0,1.0,4.0,2.0,0.0,1.0,1.0,0.0,0.0,2.0,3.0,16.0,19.0,7.0,9.99573227355399,0.0,1.0,0.0,1.0
0.0,0.0,0.0,0.0,0.0,1.0,2.0,1.0,2.0,2.5,0.0,1.0,1.0,0.0,0.0,2.0,54.0,21.0,75.0,24.0,28.33073334028633,1.0,1.0,0.0,1.0
6.0,1.0,1.0,7.0,0.0,0.0,1.0,0.0,1.0,1.0,0.0,0.0,0.0,0.0,1.0,0.0,16.0,6.0,22.0,5.0,8.13549421592915,0.0,1.0,1.0,0.0
0.0,0.0,0.0,0.0,1.0,2.0,2.0,0.0,4.0,2.0,0.0,1.0,0.0,1.0,0.0,1.0,38.0,9.0,47.0,11.0,14.87120101090789,1.0,1.0,0.0,1.0
0.0,0.0,0.0,0.0,0.0,0.0,3.0,0.0,1.0,1.0,0.0,0.0,1.0,0.0,0.0,1.0,26.0,2.0,28.0,8.0,11.367295829986475,0.0,1.0,0.0,1.0
0.0,0.0,0.0,0.0,0.0,0.0,1.0,0.0,1.0,1.0,0.0,0.0,0.0,1.0,0.0,0.0,14.0,13.0,27.0,4.0,7.332204510175204,0.0,1.0,0.0,1.0
0.0,0.0,0.0,0.0,0.0,1.0,1.0,0.0,2.0,2.0,0.0,1.0,1.0,0.0,0.0,2.0,23.0,16.0,39.0,5.0,8.688879454113936,0.0,1.0,0.0,1.0
0.0,0.0,0.0,0.0,1.0,2.0,4.0,0.0,4.0,2.0,0.0,1.0,1.0,0.0,0.0,2.0,6.0,5.0,11.0,18.0,20.484906649788,1.0,1.0,0.0,1.0
0.0,0.0,0.0,0.0,1.0,2.0,1.0,1.0,4.0,2.0,0.0,1.0,0.0,1.0,0.0,1.0,15.0,5.0,20.0,7.0,10.044522437723423,0.0,1.0,0.0,1.0
0.0,0.0,0.0,0.0,0.0,1.0,2.0,0.0,2.0,2.0,0.0,0.0,0.0,0.0,1.0,0.0,16.0,3.0,19.0,6.0,8.99573227355399,0.0,1.0,0.0,1.0
0.0,0.0,0.0,0.0,1.0,2.0,1.0,0.0,4.0,2.0,0.0,1.0,0.0,1.0,0.0,1.0,17.0,4.0,21.0,11.0,14.091042453358316,1.0,1.0,0.0,1.0
0.0,0.0,0.0,0.0,0.0,1.0,2.0,0.0,2.0,2.0,0.0,0.0,0.0,0.0,1.0,0.0,14.0,4.0,18.0,9.0,11.94443897916644,0.0,1.0,0.0,1.0
0.0,0.0,0.0,0.0,1.0,3.0,1.0,0.0,4.0,2.0,0.0,1.0,1.0,0.0,0.0,2.0,18.0,2.0,20.0,9.0,12.044522437723423,0.0,1.0,0.0,1.0
0.0,0.0,0.0,0.0,0.0,0.0,0.0,1.0,0.0,2.0,0.0,0.0,0.0,0.0,1.0,0.0,14.0,4.0,18.0,4.0,6.94443897916644,0.0,1.0,0.0,1.0
0.0,0.0,0.0,0.0,0.0,1.0,2.0,0.0,2.0,2.0,0.0,1.0,1.0,0.0,0.0,2.0,22.0,11.0,33.0,7.0,10.526360524616162,0.0,1.0,0.0,1.0
0.0,0.0,0.0,0.0,1.0,2.0,6.0,0.0,4.0,3.0,0.0,1.0,1.0,0.0,0.0,2.0,99.0,71.0,170.0,18.0,23.14166355650266,1.0,1.0,0.0,1.0
0.0,0.0,0.0,0.0,0.0,2.0,1.0,2.0,3.0,3.0,0.0,1.0,0.0,1.0,0.0,1.0,50.0,3.0,53.0,12.0,15.988984046564275,1.0,1.0,0.0,1.0
0.0,0.0,0.0,0.0,0.0,1.0,3.0,2.0,2.0,5.0,1.0,1.0,1.0,0.0,0.0,3.0,16.0,1.0,17.0,7.0,9.890371757896165,0.0,1.0,1.0,0.0
6.0,1.0,1.0,7.0,0.0,2.0,1.0,1.0,3.0,1.0,0.0,1.0,0.0,0.0,1.0,1.0,12.0,14.0,26.0,8.0,11.29583686600433,0.0,1.0,1.0,0.0
6.0,1.0,1.0,7.0,1.0,1.0,4.0,0.0,3.0,1.0,0.0,0.0,0.0,0.0,1.0,0.0,6.0,4.0,10.0,6.0,8.39789527279837,0.0,1.0,1.0,0.0
0.0,0.0,0.0,0.0,0.0,2.0,4.0,0.0,3.0,2.0,0.0,1.0,1.0,0.0,0.0,2.0,27.0,10.0,37.0,13.0,16.637586159726386,1.0,1.0,0.0,1.0
6.0,1.0,1.0,7.0,1.0,2.0,2.0,0.0,4.0,1.0,0.0,1.0,1.0,0.0,0.0,2.0,5.0,3.0,8.0,11.0,13.19722457733622,0.0,1.0,1.0,0.0
0.0,0.0,0.0,0.0,1.0,1.0,2.0,0.0,3.0,2.0,0.0,0.0,1.0,0.0,0.0,1.0,27.0,2.0,29.0,8.0,11.401197381662156,0.0,1.0,0.0,1.0
0.0,0.0,0.0,0.0,1.0,0.0,2.0,0.0,2.0,1.0,0.0,0.0,0.0,1.0,0.0,0.0,20.0,3.0,23.0,8.0,11.178053830347945,0.0,1.0,0.0,1.0
0.0,0.0,0.0,0.0,1.0,4.0,3.0,1.0,4.0,2.0,0.0,1.0,1.0,0.0,0.0,2.0,8.0,3.0,11.0,10.0,12.484906649788,0.0,1.0,1.0,0.0
0.0,0.0,0.0,0.0,0.0,1.0,1.0,0.0,2.0,2.0,0.0,1.0,1.0,0.0,0.0,2.0,6.0,2.0,8.0,5.0,7.19722457733622,0.0,1.0,0.0,0.0
0.0,0.0,0.0,0.0,1.0,2.0,4.0,0.0,4.0,2.0,0.0,1.0,1.0,0.0,0.0,2.0,43.0,4.0,47.0,12.0,15.87120101090789,1.0,1.0,0.0,0.0
0.0,0.0,0.0,0.0,1.0,1.0,3.0,1.0,3.0,1.0,0.0,0.0,0.0,0.0,1.0,0.0,19.0,4.0,23.0,7.0,10.178053830347945,0.0,1.0,0.0,1.0
0.0,0.0,0.0,0.0,1.0,1.0,2.0,0.0,3.0,1.0,0.0,1.0,1.0,0.0,0.0,2.0,6.0,3.0,9.0,6.0,8.302585092994047,0.0,1.0,0.0,1.0
0.0,0.0,0.0,0.0,1.0,3.0,2.0,1.0,4.0,3.0,0.0,1.0,0.0,1.0,0.0,1.0,33.0,1.0,34.0,10.0,13.555348061489413,0.0,1.0,1.0,0.0
0.0,0.0,0.0,0.0,0.0,0.0,0.0,1.0,0.0,2.0,0.0,1.0,0.0,1.0,0.0,1.0,15.0,2.0,17.0,6.0,8.890371757896165,0.0,1.0,0.0,1.0
0.0,0.0,0.0,0.0,0.0,0.0,2.0,1.0,1.0,1.0,0.0,0.0,0.0,0.0,1.0,0.0,24.0,6.0,30.0,4.0,7.433987204485146,0.0,1.0,0.0,1.0
0.0,0.0,0.0,0.0,0.0,1.0,3.0,0.0,2.0,1.0,0.0,0.0,0.0,0.0,1.0,0.0,1.0,1.0,2.0,9.0,10.09861228866811,0.0,1.0,0.0,1.0
0.0,0.0,0.0,0.0,1.0,1.0,2.0,1.0,3.0,2.0,0.0,0.0,1.0,0.0,0.0,1.0,18.0,3.0,21.0,6.0,9.091042453358316,0.0,1.0,0.0,1.0
0.0,0.0,0.0,0.0,0.0,0.0,2.0,0.0,1.0,1.0,0.0,0.0,0.0,1.0,0.0,0.0,16.0,3.0,19.0,10.0,12.99573227355399,0.0,1.0,1.0,0.0
0.0,0.0,0.0,0.0,0.0,2.0,3.0,0.0,3.0,4.0,1.0,1.0,0.0,1.0,0.0,2.0,27.0,12.0,39.0,12.0,15.688879454113936,1.0,1.0,0.0,1.0
0.0,0.0,0.0,0.0,0.0,0.0,1.0,0.0,1.0,2.0,0.0,0.0,1.0,0.0,0.0,1.0,18.0,9.0,27.0,11.0,14.332204510175204,1.0,1.0,0.0,1.0
0.0,0.0,0.0,0.0,0.0,1.0,2.0,0.0,2.0,4.0,1.0,1.0,1.0,0.0,0.0,3.0,27.0,6.0,33.0,4.0,7.526360524616162,0.0,1.0,0.0,1.0
0.0,0.0,0.0,0.0,0.0,1.0,2.0,1.0,2.0,4.0,1.0,0.0,0.0,0.0,1.0,1.0,24.0,2.0,26.0,8.0,11.29583686600433,0.0,1.0,0.0,1.0
0.0,0.0,0.0,0.0,0.0,0.0,1.0,1.0,1.0,1.0,0.0,1.0,0.0,1.0,0.0,1.0,47.0,5.0,52.0,8.0,11.970291913552122,0.0,1.0,0.0,1.0
0.0,0.0,0.0,0.0,0.0,0.0,1.0,0.0,1.0,1.0,0.0,0.0,0.0,0.0,1.0,0.0,20.0,3.0,23.0,5.0,8.178053830347945,0.0,1.0,0.0,1.0
0.0,0.0,0.0,0.0,1.0,1.0,3.0,0.0,3.0,2.0,0.0,1.0,1.0,0.0,0.0,2.0,24.0,8.0,32.0,7.0,10.49650756146648,0.0,1.0,0.0,1.0
0.0,0.0,0.0,0.0,0.0,0.0,1.0,0.0,1.0,2.0,0.0,0.0,0.0,1.0,0.0,0.0,12.0,4.0,16.0,6.0,8.833213344056215,0.0,1.0,1.0,0.0
0.0,0.0,0.0,0.0,0.0,2.0,6.0,0.0,3.0,3.0,0.0,1.0,1.0,0.0,0.0,2.0,30.0,48.0,78.0,11.0,15.369447852467022,1.0,1.0,0.0,0.0
6.0,1.0,1.0,7.0,1.0,1.0,1.0,2.0,3.0,4.0,1.0,1.0,1.0,0.0,0.0,3.0,43.0,34.0,77.0,10.0,14.35670882668959,1.0,1.0,1.0,0.0
0.0,0.0,0.0,0.0,1.0,1.0,2.0,0.0,3.0,3.0,0.0,1.0,1.0,0.0,0.0,2.0,14.0,6.0,20.0,7.0,10.044522437723423,0.0,1.0,0.0,1.0
0.0,0.0,0.0,0.0,1.0,1.0,3.0,0.0,3.0,2.0,0.0,1.0,0.0,1.0,0.0,1.0,29.0,4.0,33.0,6.0,9.526360524616162,0.0,1.0,0.0,1.0
0.0,0.0,0.0,0.0,0.0,2.0,3.0,0.0,3.0,2.0,0.0,1.0,1.0,0.0,0.0,2.0,17.0,3.0,20.0,9.0,12.044522437723423,0.0,1.0,0.0,1.0
0.0,0.0,0.0,0.0,0.0,0.0,2.0,0.0,1.0,2.0,0.0,1.0,0.0,1.0,0.0,1.0,17.0,2.0,19.0,6.0,8.99573227355399,0.0,1.0,0.0,1.0
0.0,0.0,0.0,0.0,0.0,0.0,1.0,0.0,1.0,5.0,1.0,0.0,1.0,0.0,0.0,2.0,32.0,9.0,41.0,7.0,10.737669618283368,0.0,1.0,1.0,0.0
0.0,0.0,0.0,0.0,0.0,1.0,1.0,0.0,2.0,2.0,0.0,1.0,0.0,1.0,0.0,1.0,7.0,5.0,12.0,6.0,8.564949357461536,0.0,1.0,0.0,1.0
0.0,0.0,0.0,0.0,1.0,0.0,1.0,0.0,2.0,2.0,0.0,1.0,0.0,1.0,0.0,1.0,21.0,10.0,31.0,12.0,15.465735902799727,1.0,1.0,0.0,1.0
0.0,0.0,0.0,0.0,0.0,0.0,1.0,0.0,1.0,4.0,1.0,1.0,0.0,1.0,0.0,2.0,17.0,6.0,23.0,6.0,9.178053830347945,0.0,1.0,0.0,1.0
0.0,0.0,0.0,0.0,1.0,3.0,2.0,0.0,4.0,2.0,0.0,1.0,0.0,1.0,0.0,1.0,23.0,13.0,36.0,16.0,19.610917912644226,1.0,1.0,0.0,1.0
6.0,1.0,1.0,7.0,0.0,1.0,4.0,1.0,2.0,2.0,0.0,1.0,0.0,0.0,1.0,1.0,22.0,2.0,24.0,8.0,11.218875824868201,0.0,1.0,1.0,0.0
0.0,0.0,0.0,0.0,1.0,2.0,2.0,0.0,4.0,2.0,0.0,1.0,0.0,1.0,0.0,1.0,38.0,8.0,46.0,7.0,10.85014760171006,0.0,1.0,0.0,1.0
0.0,0.0,0.0,0.0,1.0,1.0,1.0,0.0,3.0,1.0,0.0,1.0,0.0,1.0,0.0,1.0,22.0,7.0,29.0,4.0,7.401197381662156,0.0,1.0,0.0,1.0
0.0,0.0,0.0,0.0,0.0,1.0,2.0,2.0,2.0,7.0,1.0,1.0,0.0,1.0,0.0,2.0,6.0,4.0,10.0,8.0,10.39789527279837,0.0,1.0,0.0,1.0
0.0,0.0,0.0,0.0,0.0,1.0,4.0,0.0,2.0,2.0,0.0,0.0,1.0,0.0,0.0,1.0,125.0,6.0,131.0,17.0,21.88280192258637,1.0,1.0,0.0,1.0
0.0,0.0,0.0,0.0,1.0,1.0,2.0,1.0,3.0,2.0,0.0,1.0,0.0,1.0,0.0,1.0,18.0,3.0,21.0,6.0,9.091042453358316,0.0,1.0,0.0,0.0
0.0,0.0,0.0,0.0,0.0,1.0,3.0,0.0,2.0,3.0,0.0,1.0,0.0,0.0,1.0,1.0,35.0,6.0,41.0,12.0,15.737669618283368,1.0,1.0,0.0,1.0
0.0,0.0,0.0,0.0,1.0,1.0,2.0,1.0,3.0,2.0,0.0,0.0,0.0,1.0,0.0,0.0,15.0,7.0,22.0,12.0,15.13549421592915,1.0,1.0,0.0,1.0
0.0,0.0,0.0,0.0,0.0,1.0,2.0,1.0,2.0,1.5,0.0,1.0,1.0,0.0,0.0,2.0,17.0,3.0,20.0,6.0,9.044522437723423,0.0,1.0,0.0,1.0
0.0,0.0,0.0,0.0,0.0,0.0,2.0,1.0,1.0,4.0,1.0,0.0,1.0,0.0,0.0,2.0,46.0,15.0,61.0,6.0,10.127134385045093,0.0,1.0,0.0,1.0
0.0,0.0,0.0,0.0,0.0,0.0,1.0,0.0,1.0,1.0,0.0,1.0,0.0,1.0,0.0,1.0,27.0,5.0,32.0,6.0,9.49650756146648,0.0,1.0,0.0,1.0
0.0,0.0,0.0,0.0,0.0,2.0,5.0,0.0,3.0,2.0,0.0,1.0,0.0,1.0,0.0,1.0,13.0,5.0,18.0,15.0,17.944438979166442,1.0,1.0,0.0,1.0
0.0,0.0,0.0,0.0,0.0,1.0,3.0,1.0,2.0,2.0,0.0,1.0,1.0,0.0,0.0,2.0,32.0,3.0,35.0,12.0,15.583518938456109,1.0,1.0,0.0,1.0
0.0,0.0,0.0,0.0,1.0,2.0,4.0,1.0,4.0,2.0,0.0,1.0,0.0,1.0,0.0,1.0,15.0,22.0,37.0,9.0,12.637586159726386,0.0,1.0,1.0,0.0
0.0,0.0,0.0,0.0,0.0,1.0,6.0,0.0,2.0,2.0,0.0,1.0,1.0,0.0,0.0,2.0,12.0,7.0,19.0,12.0,14.99573227355399,1.0,1.0,0.0,1.0
0.0,0.0,0.0,0.0,0.0,2.0,3.0,0.0,3.0,2.0,0.0,1.0,1.0,0.0,0.0,2.0,37.0,3.0,40.0,10.0,13.713572066704309,0.0,1.0,0.0,1.0
0.0,0.0,0.0,0.0,0.0,2.0,3.0,1.0,3.0,1.0,0.0,1.0,1.0,0.0,0.0,2.0,27.0,5.0,32.0,8.0,11.49650756146648,0.0,1.0,0.0,1.0
0.0,0.0,0.0,0.0,0.0,1.0,3.0,0.0,2.0,2.0,0.0,1.0,1.0,0.0,0.0,2.0,11.0,4.0,15.0,6.0,8.772588722239782,0.0,1.0,0.0,1.0
0.0,0.0,0.0,0.0,0.0,1.0,2.0,1.0,2.0,5.0,1.0,1.0,0.0,1.0,0.0,2.0,22.0,3.0,25.0,10.0,13.258096538021482,0.0,1.0,0.0,1.0
0.0,0.0,0.0,0.0,1.0,1.0,1.0,2.0,3.0,4.0,1.0,1.0,0.0,1.0,0.0,2.0,17.0,9.0,26.0,7.0,10.29583686600433,0.0,1.0,0.0,1.0
6.0,1.0,1.0,7.0,1.0,1.0,2.0,0.0,3.0,3.0,0.0,1.0,1.0,0.0,0.0,2.0,22.0,3.0,25.0,6.0,9.258096538021482,0.0,1.0,1.0,0.0
0.0,0.0,0.0,0.0,0.0,0.0,2.0,0.0,1.0,2.0,0.0,1.0,1.0,0.0,0.0,2.0,16.0,6.0,22.0,5.0,8.13549421592915,0.0,1.0,0.0,1.0
0.0,0.0,0.0,0.0,1.0,2.0,1.0,1.0,4.0,2.0,0.0,1.0,0.0,1.0,0.0,1.0,20.0,3.0,23.0,11.0,14.178053830347945,1.0,1.0,0.0,1.0
6.0,1.0,1.0,7.0,0.0,2.0,2.0,1.0,3.0,1.0,0.0,1.0,0.0,0.0,1.0,1.0,1.0,1.0,2.0,10.0,11.09861228866811,0.0,1.0,1.0,0.0
0.0,0.0,0.0,0.0,1.0,1.0,3.0,0.0,3.0,3.0,0.0,0.0,1.0,0.0,0.0,1.0,31.0,4.0,35.0,10.0,13.583518938456109,0.0,1.0,0.0,1.0
0.0,0.0,0.0,0.0,1.0,3.0,3.0,0.0,4.0,2.0,0.0,0.0,0.0,1.0,0.0,0.0,17.0,2.0,19.0,6.0,8.99573227355399,0.0,1.0,0.0,1.0
0.0,0.0,0.0,0.0,0.0,2.0,2.0,1.0,3.0,4.0,1.0,1.0,1.0,0.0,0.0,3.0,37.0,11.0,48.0,5.0,8.891820298110627,0.0,1.0,0.0,1.0
0.0,0.0,0.0,0.0,0.0,3.0,1.0,0.0,3.0,1.0,0.0,0.0,1.0,0.0,0.0,1.0,74.0,13.0,87.0,21.0,25.477336814478207,1.0,1.0,0.0,1.0
0.0,0.0,0.0,0.0,0.0,1.0,2.0,1.0,2.0,3.0,0.0,1.0,1.0,0.0,0.0,2.0,30.0,2.0,32.0,8.0,11.49650756146648,0.0,1.0,0.0,1.0
0.0,0.0,0.0,0.0,0.0,2.0,2.0,0.0,3.0,5.0,1.0,1.0,1.0,0.0,0.0,3.0,13.0,7.0,20.0,15.0,18.044522437723423,1.0,1.0,0.0,1.0
0.0,0.0,0.0,0.0,0.0,1.0,3.0,0.0,2.0,2.0,0.0,1.0,0.0,1.0,0.0,1.0,16.0,2.0,18.0,15.0,17.944438979166442,1.0,1.0,0.0,1.0
0.0,0.0,0.0,0.0,1.0,4.0,4.0,0.0,4.0,2.0,0.0,1.0,0.0,1.0,0.0,1.0,28.0,2.0,30.0,11.0,14.433987204485145,1.0,1.0,0.0,1.0
0.0,0.0,0.0,0.0,1.0,4.0,5.0,1.0,4.0,3.0,0.0,1.0,0.0,1.0,0.0,1.0,17.0,9.0,26.0,15.0,18.29583686600433,1.0,1.0,0.0,1.0
0.0,0.0,0.0,0.0,0.0,1.0,4.0,2.0,2.0,3.0,0.0,1.0,1.0,0.0,0.0,2.0,17.0,10.0,27.0,9.0,12.332204510175204,0.0,1.0,0.0,1.0
6.0,1.0,1.0,7.0,0.0,0.0,1.0,1.0,1.0,2.0,0.0,0.0,0.0,0.0,1.0,0.0,16.0,4.0,20.0,6.0,9.044522437723423,0.0,1.0,1.0,0.0
6.0,1.0,1.0,7.0,0.0,1.0,2.0,1.0,2.0,2.0,0.0,1.0,0.0,1.0,0.0,1.0,31.0,4.0,35.0,12.0,15.583518938456109,1.0,1.0,1.0,0.0
0.0,0.0,0.0,0.0,0.0,1.0,4.0,2.0,2.0,3.0,0.0,1.0,1.0,0.0,0.0,2.0,35.0,11.0,46.0,7.0,10.85014760171006,0.0,1.0,0.0,1.0
6.0,1.0,1.0,7.0,1.0,2.0,2.0,1.0,4.0,2.0,0.0,1.0,1.0,0.0,0.0,2.0,14.0,1.0,15.0,10.0,12.772588722239782,0.0,1.0,1.0,0.0
6.0,1.0,1.0,7.0,1.0,1.0,3.0,3.0,3.0,2.0,0.0,1.0,0.0,1.0,0.0,1.0,12.0,3.0,15.0,12.0,14.772588722239782,1.0,1.0,1.0,0.0
0.0,0.0,0.0,0.0,0.0,3.0,2.0,2.0,3.0,3.0,0.0,0.0,0.0,1.0,0.0,0.0,24.0,23.0,47.0,8.0,11.87120101090789,0.0,1.0,0.0,1.0
0.0,0.0,0.0,0.0,1.0,0.0,3.0,0.0,2.0,2.0,0.0,1.0,1.0,0.0,0.0,2.0,14.0,2.0,16.0,7.0,9.833213344056215,0.0,1.0,0.0,1.0
6.0,1.0,1.0,7.0,1.0,2.0,3.0,2.0,4.0,4.0,1.0,0.0,0.0,0.0,1.0,1.0,24.0,3.0,27.0,9.0,12.332204510175204,0.0,1.0,1.0,0.0
0.0,0.0,0.0,0.0,1.0,1.0,2.0,0.0,3.0,2.0,0.0,1.0,0.0,1.0,0.0,1.0,37.0,3.0,40.0,11.0,14.713572066704309,1.0,1.0,0.0,1.0
0.0,0.0,0.0,0.0,1.0,2.0,4.0,0.0,4.0,4.0,1.0,1.0,0.0,1.0,0.0,2.0,20.0,6.0,26.0,8.0,11.29583686600433,0.0,1.0,0.0,0.0
0.0,0.0,0.0,0.0,0.0,1.0,3.0,0.0,2.0,2.0,0.0,1.0,1.0,0.0,0.0,2.0,35.0,7.0,42.0,5.0,8.761200115693562,0.0,1.0,0.0,1.0
0.0,0.0,0.0,0.0,0.0,0.0,4.0,0.0,1.0,5.0,1.0,1.0,1.0,0.0,0.0,3.0,27.0,6.0,33.0,6.0,9.526360524616162,0.0,1.0,0.0,1.0
0.0,0.0,0.0,0.0,0.0,1.0,2.0,1.0,2.0,2.0,0.0,1.0,0.0,1.0,0.0,1.0,22.0,6.0,28.0,4.0,7.367295829986475,0.0,1.0,1.0,0.0
0.0,0.0,0.0,0.0,0.0,1.0,2.0,1.0,2.0,3.0,0.0,1.0,1.0,0.0,0.0,2.0,29.0,2.0,31.0,9.0,12.465735902799727,0.0,1.0,0.0,1.0
6.0,1.0,1.0,7.0,0.0,0.0,3.0,0.0,1.0,2.0,0.0,1.0,1.0,0.0,0.0,2.0,76.0,5.0,81.0,7.0,11.406719247264252,0.0,1.0,1.0,0.0
0.0,0.0,0.0,0.0,0.0,2.0,3.0,2.0,3.0,2.0,0.0,0.0,0.0,1.0,0.0,0.0,77.0,6.0,83.0,11.0,15.430816798843313,1.0,1.0,0.0,1.0
6.0,1.0,1.0,7.0,0.0,0.0,2.0,1.0,1.0,3.0,0.0,0.0,0.0,0.0,1.0,0.0,40.0,4.0,44.0,5.0,8.80666248977032,0.0,1.0,1.0,0.0
0.0,0.0,0.0,0.0,1.0,3.0,4.0,0.0,4.0,0.0,0.0,1.0,0.0,1.0,0.0,1.0,23.0,4.0,27.0,10.0,13.332204510175204,0.0,1.0,0.0,1.0
0.0,0.0,0.0,0.0,0.0,1.0,2.0,2.0,2.0,2.0,0.0,1.0,1.0,0.0,0.0,2.0,3.0,10.0,13.0,9.0,11.639057329615259,0.0,1.0,0.0,1.0
6.0,1.0,1.0,7.0,0.0,3.0,6.0,0.0,3.0,2.0,0.0,0.0,0.0,0.0,1.0,0.0,32.0,2.0,34.0,12.0,15.555348061489413,1.0,1.0,1.0,0.0
0.0,0.0,0.0,0.0,1.0,1.0,4.0,0.0,3.0,2.0,0.0,1.0,1.0,0.0,0.0,2.0,6.0,6.0,12.0,9.0,11.564949357461536,0.0,1.0,0.0,1.0
0.0,0.0,0.0,0.0,0.0,1.0,4.0,0.0,2.0,3.0,0.0,0.0,0.0,0.0,1.0,0.0,17.0,5.0,22.0,10.0,13.13549421592915,0.0,1.0,0.0,1.0
0.0,0.0,0.0,0.0,0.0,1.0,3.0,0.0,2.0,4.0,1.0,1.0,0.0,1.0,0.0,2.0,14.0,2.0,16.0,8.0,10.833213344056215,0.0,1.0,0.0,1.0
0.0,0.0,0.0,0.0,1.0,1.0,4.0,0.0,3.0,2.0,0.0,1.0,0.0,1.0,0.0,1.0,28.0,5.0,33.0,12.0,15.526360524616162,1.0,1.0,0.0,1.0
0.0,0.0,0.0,0.0,0.0,0.0,2.0,0.0,1.0,2.0,0.0,1.0,0.0,1.0,0.0,1.0,25.0,3.0,28.0,13.0,16.367295829986475,1.0,1.0,1.0,0.0
0.0,0.0,0.0,0.0,1.0,2.0,3.0,0.0,4.0,2.0,0.0,1.0,1.0,0.0,0.0,2.0,32.0,5.0,37.0,9.0,12.637586159726386,0.0,1.0,0.0,1.0
6.0,1.0,1.0,7.0,1.0,1.0,3.0,1.0,3.0,3.0,0.0,1.0,1.0,0.0,0.0,2.0,28.0,10.0,38.0,7.0,10.663561646129647,0.0,1.0,1.0,0.0
0.0,0.0,0.0,0.0,0.0,1.0,3.0,0.0,2.0,2.0,0.0,1.0,1.0,0.0,0.0,2.0,37.0,2.0,39.0,12.0,15.688879454113936,1.0,1.0,0.0,1.0
0.0,0.0,0.0,0.0,1.0,1.0,3.0,0.0,3.0,2.0,0.0,1.0,1.0,0.0,0.0,2.0,24.0,2.0,26.0,8.0,11.29583686600433,0.0,1.0,0.0,1.0
0.0,0.0,0.0,0.0,1.0,3.0,2.0,0.0,4.0,2.0,0.0,1.0,1.0,0.0,0.0,2.0,12.0,2.0,14.0,10.0,12.70805020110221,0.0,1.0,0.0,1.0
0.0,0.0,0.0,0.0,1.0,1.0,2.0,0.0,3.0,2.0,0.0,1.0,1.0,0.0,0.0,2.0,23.0,3.0,26.0,13.0,16.29583686600433,1.0,1.0,0.0,1.0
0.0,0.0,0.0,0.0,0.0,3.0,2.0,2.0,3.0,1.5,0.0,1.0,0.0,0.0,1.0,1.0,7.0,4.0,11.0,13.0,15.484906649788,1.0,1.0,0.0,0.0
0.0,0.0,0.0,0.0,0.0,2.0,2.0,0.0,3.0,2.0,0.0,1.0,0.0,1.0,0.0,1.0,49.0,2.0,51.0,7.0,10.951243718581427,0.0,1.0,0.0,1.0
6.0,1.0,1.0,7.0,1.0,1.0,7.0,0.0,3.0,6.0,1.0,1.0,1.0,0.0,0.0,3.0,46.0,3.0,49.0,13.0,16.912023005428146,1.0,1.0,1.0,0.0
0.0,0.0,0.0,0.0,0.0,2.0,6.0,0.0,3.0,3.0,0.0,1.0,1.0,0.0,0.0,2.0,26.0,7.0,33.0,8.0,11.526360524616162,0.0,1.0,1.0,0.0
0.0,0.0,0.0,0.0,1.0,2.0,3.0,0.0,4.0,4.0,1.0,1.0,1.0,0.0,0.0,3.0,39.0,4.0,43.0,6.0,9.784189633918261,0.0,1.0,0.0,1.0
0.0,0.0,0.0,0.0,0.0,1.0,3.0,0.0,2.0,2.0,0.0,1.0,1.0,0.0,0.0,2.0,14.0,34.0,48.0,5.0,8.891820298110627,0.0,1.0,0.0,0.0
6.0,1.0,1.0,7.0,0.0,1.0,3.0,0.0,2.0,2.0,0.0,0.0,1.0,0.0,0.0,1.0,11.0,11.0,22.0,7.0,10.13549421592915,0.0,1.0,1.0,0.0
6.0,1.0,1.0,7.0,0.0,1.0,3.0,1.0,2.0,1.0,0.0,1.0,0.0,1.0,0.0,1.0,16.0,3.0,19.0,5.0,7.99573227355399,0.0,1.0,1.0,0.0
0.0,0.0,0.0,0.0,0.0,1.0,1.0,0.0,2.0,2.0,0.0,1.0,1.0,0.0,0.0,2.0,17.0,7.0,24.0,9.0,12.218875824868201,0.0,1.0,0.0,1.0
0.0,0.0,0.0,0.0,0.0,0.0,2.0,0.0,1.0,2.0,0.0,0.0,1.0,0.0,0.0,1.0,77.0,2.0,79.0,5.0,9.382026634673881,0.0,1.0,0.0,0.0
0.0,0.0,0.0,0.0,0.0,1.0,1.0,0.0,2.0,2.0,0.0,0.0,0.0,1.0,0.0,0.0,17.0,2.0,19.0,12.0,14.99573227355399,1.0,1.0,0.0,1.0
0.0,0.0,0.0,0.0,0.0,0.0,3.0,0.0,1.0,4.0,1.0,1.0,1.0,0.0,0.0,3.0,69.0,10.0,79.0,10.0,14.382026634673881,1.0,1.0,0.0,1.0
0.0,0.0,0.0,0.0,0.0,1.0,3.0,1.0,2.0,2.0,0.0,1.0,0.0,1.0,0.0,1.0,20.0,2.0,22.0,14.0,17.13549421592915,1.0,1.0,1.0,0.0
6.0,1.0,1.0,7.0,1.0,2.0,2.0,1.0,4.0,2.0,0.0,1.0,0.0,1.0,0.0,1.0,7.0,4.0,11.0,8.0,10.484906649788,0.0,1.0,1.0,0.0
0.0,0.0,0.0,0.0,1.0,3.0,1.0,1.0,4.0,3.0,0.0,1.0,0.0,1.0,0.0,1.0,16.0,2.0,18.0,12.0,14.94443897916644,1.0,1.0,0.0,1.0
0.0,0.0,0.0,0.0,1.0,3.0,3.0,0.0,4.0,3.0,0.0,1.0,0.0,1.0,0.0,1.0,4.0,12.0,16.0,10.0,12.833213344056215,0.0,1.0,0.0,1.0
0.0,0.0,0.0,0.0,1.0,3.0,3.0,0.0,4.0,1.0,0.0,1.0,0.0,1.0,0.0,1.0,6.0,2.0,8.0,13.0,15.19722457733622,1.0,1.0,0.0,1.0
0.0,0.0,0.0,0.0,0.0,1.0,1.0,2.0,2.0,3.0,0.0,1.0,1.0,0.0,0.0,2.0,28.0,2.0,30.0,8.0,11.433987204485145,0.0,1.0,0.0,0.0
6.0,1.0,1.0,7.0,0.0,1.0,1.0,2.0,2.0,2.0,0.0,0.0,0.0,0.0,1.0,0.0,37.0,4.0,41.0,5.0,8.737669618283368,0.0,1.0,1.0,0.0
6.0,1.0,1.0,7.0,0.0,0.0,1.0,1.0,1.0,2.0,0.0,1.0,0.0,1.0,0.0,1.0,12.0,4.0,16.0,4.0,6.833213344056216,0.0,1.0,1.0,0.0
0.0,0.0,0.0,0.0,1.0,1.0,2.0,0.0,3.0,2.0,0.0,1.0,1.0,0.0,0.0,2.0,21.0,3.0,24.0,5.0,8.218875824868201,0.0,1.0,0.0,0.0
0.0,0.0,0.0,0.0,1.0,3.0,3.0,0.0,4.0,2.0,0.0,1.0,0.0,1.0,0.0,1.0,4.0,3.0,7.0,9.0,11.079441541679836,0.0,1.0,0.0,1.0
0.0,0.0,0.0,0.0,0.0,1.0,5.0,0.0,2.0,2.0,0.0,0.0,0.0,0.0,1.0,0.0,20.0,3.0,23.0,4.0,7.178053830347945,0.0,1.0,0.0,1.0
6.0,1.0,1.0,7.0,1.0,0.0,5.0,0.0,2.0,2.0,0.0,0.0,0.0,1.0,0.0,0.0,9.0,2.0,11.0,7.0,9.484906649788,0.0,1.0,1.0,0.0
0.0,0.0,0.0,0.0,1.0,0.0,1.0,3.0,2.0,2.0,0.0,0.0,0.0,1.0,0.0,0.0,14.0,3.0,17.0,6.0,8.890371757896165,0.0,1.0,1.0,0.0
0.0,0.0,0.0,0.0,0.0,1.0,3.0,1.0,2.0,2.0,0.0,0.0,1.0,0.0,0.0,1.0,17.0,4.0,21.0,4.0,7.091042453358316,0.0,1.0,0.0,1.0
6.0,1.0,1.0,7.0,0.0,0.0,1.0,0.0,1.0,2.0,0.0,1.0,1.0,0.0,0.0,2.0,13.0,3.0,16.0,11.0,13.833213344056215,0.0,1.0,1.0,0.0
0.0,0.0,0.0,0.0,1.0,1.0,5.0,0.0,3.0,2.0,0.0,1.0,1.0,0.0,0.0,2.0,17.0,26.0,43.0,7.0,10.784189633918261,0.0,1.0,1.0,0.0
6.0,1.0,1.0,7.0,0.0,3.0,4.0,2.0,3.0,2.0,0.0,0.0,0.0,0.0,1.0,0.0,22.0,3.0,25.0,11.0,14.258096538021482,1.0,1.0,1.0,0.0
6.0,1.0,1.0,7.0,0.0,1.0,2.0,1.0,2.0,2.0,0.0,1.0,1.0,0.0,0.0,2.0,17.0,9.0,26.0,6.0,9.29583686600433,0.0,1.0,1.0,0.0
0.0,0.0,0.0,0.0,1.0,3.0,1.0,0.0,4.0,2.0,0.0,0.0,0.0,0.0,1.0,0.0,32.0,2.0,34.0,13.0,16.555348061489415,1.0,1.0,0.0,1.0
6.0,1.0,1.0,7.0,0.0,1.0,1.0,0.0,2.0,2.0,0.0,1.0,1.0,0.0,0.0,2.0,9.0,8.0,17.0,4.0,6.8903717578961645,0.0,1.0,1.0,0.0
0.0,0.0,0.0,0.0,1.0,0.0,3.0,0.0,2.0,2.0,0.0,0.0,0.0,0.0,1.0,0.0,9.0,7.0,16.0,13.0,15.833213344056215,1.0,1.0,0.0,1.0
0.0,0.0,0.0,0.0,1.0,1.0,4.0,0.0,3.0,1.0,0.0,1.0,1.0,0.0,0.0,2.0,12.0,6.0,18.0,10.0,12.94443897916644,0.0,1.0,0.0,1.0
0.0,0.0,0.0,0.0,1.0,1.0,4.0,0.0,3.0,2.0,0.0,1.0,0.0,1.0,0.0,1.0,19.0,13.0,32.0,9.0,12.49650756146648,0.0,1.0,0.0,1.0
0.0,0.0,0.0,0.0,1.0,2.0,3.0,0.0,4.0,0.0,0.0,0.0,1.0,0.0,0.0,1.0,21.0,2.0,23.0,8.0,11.178053830347945,0.0,1.0,0.0,1.0
0.0,0.0,0.0,0.0,0.0,1.0,2.0,1.0,2.0,4.0,1.0,1.0,0.0,1.0,0.0,2.0,16.0,2.0,18.0,7.0,9.94443897916644,0.0,1.0,0.0,1.0
0.0,0.0,0.0,0.0,1.0,1.0,6.0,0.0,3.0,1.0,0.0,0.0,1.0,0.0,0.0,1.0,18.0,12.0,30.0,11.0,14.433987204485145,1.0,1.0,0.0,1.0
0.0,0.0,0.0,0.0,1.0,3.0,3.0,2.0,4.0,2.0,0.0,1.0,1.0,0.0,0.0,2.0,54.0,10.0,64.0,15.0,19.174387269895636,1.0,1.0,0.0,1.0
0.0,0.0,0.0,0.0,1.0,0.0,3.0,1.0,2.0,3.0,0.0,0.0,0.0,0.0,1.0,0.0,17.0,18.0,35.0,8.0,11.583518938456109,0.0,1.0,1.0,0.0
0.0,0.0,0.0,0.0,0.0,2.0,1.0,2.0,3.0,1.0,0.0,1.0,1.0,0.0,0.0,2.0,12.0,3.0,15.0,8.0,10.772588722239782,0.0,1.0,0.0,1.0
0.0,0.0,0.0,0.0,0.0,3.0,3.0,0.0,3.0,2.0,0.0,1.0,0.0,1.0,0.0,1.0,38.0,3.0,41.0,10.0,13.737669618283368,0.0,1.0,0.0,1.0
0.0,0.0,0.0,0.0,0.0,0.0,2.0,0.0,1.0,2.0,0.0,1.0,0.0,1.0,0.0,1.0,72.0,4.0,76.0,4.0,8.343805421853684,0.0,1.0,0.0,1.0
0.0,0.0,0.0,0.0,1.0,1.0,3.0,0.0,3.0,2.0,0.0,1.0,1.0,0.0,0.0,2.0,17.0,20.0,37.0,11.0,14.637586159726386,1.0,1.0,0.0,1.0
0.0,0.0,0.0,0.0,1.0,2.0,2.0,2.0,4.0,3.0,0.0,0.0,0.0,0.0,1.0,0.0,19.0,6.0,25.0,6.0,9.258096538021482,0.0,1.0,0.0,1.0
0.0,0.0,0.0,0.0,0.0,3.0,4.0,0.0,3.0,1.0,0.0,1.0,1.0,0.0,0.0,2.0,17.0,2.0,19.0,7.0,9.99573227355399,0.0,1.0,0.0,1.0
6.0,1.0,1.0,7.0,0.0,1.0,3.0,0.0,2.0,1.0,0.0,0.0,0.0,0.0,1.0,0.0,7.0,4.0,11.0,9.0,11.484906649788,0.0,1.0,1.0,0.0
6.0,1.0,1.0,7.0,1.0,3.0,6.0,0.0,4.0,2.0,0.0,0.0,0.0,0.0,1.0,0.0,15.0,2.0,17.0,11.0,13.890371757896165,0.0,1.0,1.0,0.0
0.0,0.0,0.0,0.0,1.0,1.0,2.0,1.0,3.0,2.0,0.0,0.0,0.0,0.0,1.0,0.0,43.0,2.0,45.0,8.0,11.828641396489095,0.0,1.0,0.0,1.0
6.0,1.0,1.0,7.0,1.0,1.0,4.0,0.0,3.0,2.0,0.0,1.0,1.0,0.0,0.0,2.0,29.0,34.0,63.0,14.0,18.158883083359672,1.0,1.0,1.0,0.0
0.0,0.0,0.0,0.0,1.0,2.0,4.0,0.0,4.0,3.0,0.0,0.0,0.0,0.0,1.0,0.0,21.0,3.0,24.0,9.0,12.218875824868201,0.0,1.0,0.0,1.0
6.0,1.0,1.0,7.0,1.0,1.0,1.0,2.0,3.0,2.0,0.0,1.0,0.0,1.0,0.0,1.0,57.0,6.0,63.0,7.0,11.158883083359672,0.0,1.0,1.0,0.0
0.0,0.0,0.0,0.0,0.0,1.0,3.0,0.0,2.0,2.0,0.0,1.0,1.0,0.0,0.0,2.0,40.0,5.0,45.0,9.0,12.828641396489095,0.0,1.0,0.0,1.0
6.0,1.0,1.0,7.0,0.0,1.0,5.0,0.0,2.0,1.0,0.0,1.0,1.0,0.0,0.0,2.0,26.0,3.0,29.0,8.0,11.401197381662156,0.0,1.0,1.0,0.0
0.0,0.0,0.0,0.0,0.0,2.0,2.0,0.0,3.0,2.0,0.0,1.0,1.0,0.0,0.0,2.0,20.0,3.0,23.0,9.0,12.178053830347945,0.0,1.0,0.0,1.0
0.0,0.0,0.0,0.0,0.0,2.0,3.0,1.0,3.0,1.0,0.0,1.0,1.0,0.0,0.0,2.0,14.0,4.0,18.0,7.0,9.94443897916644,0.0,1.0,0.0,1.0
0.0,0.0,0.0,0.0,0.0,0.0,1.0,0.0,1.0,2.0,0.0,1.0,0.0,1.0,0.0,1.0,17.0,7.0,24.0,6.0,9.218875824868201,0.0,1.0,0.0,1.0
0.0,0.0,0.0,0.0,1.0,1.0,3.0,0.0,3.0,2.0,0.0,1.0,1.0,0.0,0.0,2.0,21.0,3.0,24.0,6.0,9.218875824868201,0.0,1.0,0.0,1.0
0.0,0.0,0.0,0.0,1.0,1.0,3.0,1.0,3.0,3.0,0.0,1.0,1.0,0.0,0.0,2.0,7.0,2.0,9.0,8.0,10.302585092994047,0.0,1.0,0.0,1.0
0.0,0.0,0.0,0.0,0.0,1.0,3.0,1.0,2.0,3.0,0.0,1.0,0.0,1.0,0.0,1.0,18.0,10.0,28.0,7.0,10.367295829986475,0.0,1.0,0.0,1.0
0.0,0.0,0.0,0.0,0.0,2.0,2.0,0.0,3.0,2.0,0.0,0.0,0.0,0.0,1.0,0.0,8.0,7.0,15.0,8.0,10.772588722239782,0.0,1.0,0.0,1.0
0.0,0.0,0.0,0.0,1.0,3.0,2.0,0.0,4.0,6.0,1.0,0.0,1.0,0.0,0.0,2.0,1.0,2.0,3.0,9.0,10.38629436111989,0.0,1.0,0.0,1.0
0.0,0.0,0.0,0.0,1.0,1.0,1.0,1.0,3.0,2.0,0.0,0.0,0.0,0.0,1.0,0.0,21.0,2.0,23.0,7.0,10.178053830347945,0.0,1.0,0.0,1.0
0.0,0.0,0.0,0.0,0.0,3.0,5.0,0.0,3.0,1.0,0.0,1.0,1.0,0.0,0.0,2.0,31.0,14.0,45.0,15.0,18.828641396489097,1.0,1.0,0.0,1.0
0.0,0.0,0.0,0.0,0.0,0.0,1.0,0.0,1.0,2.0,0.0,0.0,0.0,1.0,0.0,0.0,20.0,6.0,26.0,9.0,12.29583686600433,0.0,1.0,0.0,1.0
0.0,0.0,0.0,0.0,0.0,1.0,2.0,0.0,2.0,3.0,0.0,1.0,1.0,0.0,0.0,2.0,29.0,4.0,33.0,7.0,10.526360524616162,0.0,1.0,0.0,1.0
6.0,1.0,1.0,7.0,0.0,1.0,3.0,1.0,2.0,2.0,0.0,0.0,0.0,0.0,1.0,0.0,21.0,2.0,23.0,9.0,12.178053830347945,0.0,1.0,1.0,0.0
0.0,0.0,0.0,0.0,1.0,1.0,2.0,2.0,3.0,2.0,0.0,1.0,1.0,0.0,0.0,2.0,30.0,4.0,34.0,8.0,11.555348061489413,0.0,1.0,0.0,0.0
0.0,0.0,0.0,0.0,0.0,4.0,4.0,2.0,3.0,4.0,1.0,1.0,1.0,0.0,0.0,3.0,41.0,2.0,43.0,20.0,23.78418963391826,1.0,1.0,0.0,1.0
0.0,0.0,0.0,0.0,1.0,2.0,4.0,0.0,4.0,3.0,0.0,1.0,0.0,1.0,0.0,1.0,32.0,6.0,38.0,15.0,18.663561646129647,1.0,1.0,1.0,0.0
0.0,0.0,0.0,0.0,1.0,0.0,2.0,1.0,2.0,2.0,0.0,1.0,1.0,0.0,0.0,2.0,17.0,3.0,20.0,6.0,9.044522437723423,0.0,1.0,0.0,1.0
0.0,0.0,0.0,0.0,1.0,3.0,3.0,0.0,4.0,1.0,0.0,0.0,0.0,0.0,1.0,0.0,32.0,2.0,34.0,12.0,15.555348061489413,1.0,1.0,0.0,1.0
0.0,0.0,0.0,0.0,0.0,1.0,1.0,2.0,2.0,3.0,0.0,1.0,0.0,1.0,0.0,1.0,30.0,3.0,33.0,7.0,10.526360524616162,0.0,1.0,0.0,1.0
0.0,0.0,0.0,0.0,0.0,0.0,1.0,0.0,1.0,2.0,0.0,1.0,0.0,0.0,1.0,1.0,1.0,4.0,5.0,6.0,7.7917594692280545,0.0,1.0,0.0,1.0
0.0,0.0,0.0,0.0,1.0,4.0,4.0,0.0,4.0,2.0,0.0,1.0,1.0,0.0,0.0,2.0,21.0,2.0,23.0,13.0,16.178053830347945,1.0,1.0,0.0,1.0
0.0,0.0,0.0,0.0,1.0,3.0,6.0,0.0,4.0,3.0,0.0,0.0,1.0,0.0,0.0,1.0,17.0,16.0,33.0,13.0,16.526360524616162,1.0,1.0,0.0,0.0
0.0,0.0,0.0,0.0,0.0,0.0,2.0,0.0,1.0,2.0,0.0,1.0,0.0,1.0,0.0,1.0,9.0,3.0,12.0,7.0,9.564949357461536,0.0,1.0,0.0,1.0
0.0,0.0,0.0,0.0,1.0,3.0,0.0,3.0,3.0,2.0,0.0,1.0,0.0,1.0,0.0,1.0,11.0,2.0,13.0,9.0,11.639057329615259,0.0,1.0,0.0,1.0
0.0,0.0,0.0,0.0,1.0,1.0,2.0,1.0,3.0,2.0,0.0,1.0,1.0,0.0,0.0,2.0,23.0,2.0,25.0,13.0,16.258096538021483,1.0,1.0,1.0,0.0
0.0,0.0,0.0,0.0,0.0,0.0,2.0,0.0,1.0,3.0,0.0,1.0,0.0,1.0,0.0,1.0,43.0,3.0,46.0,6.0,9.85014760171006,0.0,1.0,0.0,1.0
6.0,1.0,1.0,7.0,0.0,1.0,4.0,0.0,2.0,2.0,0.0,1.0,0.0,1.0,0.0,1.0,37.0,7.0,44.0,5.0,8.80666248977032,0.0,1.0,1.0,0.0
0.0,0.0,0.0,0.0,1.0,1.0,3.0,0.0,3.0,4.0,1.0,1.0,1.0,0.0,0.0,3.0,22.0,2.0,24.0,7.0,10.218875824868201,0.0,1.0,0.0,0.0
6.0,1.0,1.0,7.0,0.0,1.0,3.0,0.0,2.0,2.0,0.0,1.0,0.0,0.0,1.0,1.0,19.0,6.0,25.0,6.0,9.258096538021482,0.0,1.0,1.0,0.0
0.0,0.0,0.0,0.0,0.0,2.0,2.0,0.0,3.0,1.0,0.0,1.0,1.0,0.0,0.0,2.0,18.0,2.0,20.0,9.0,12.044522437723423,0.0,1.0,0.0,1.0
6.0,1.0,1.0,7.0,1.0,3.0,4.0,0.0,4.0,1.0,0.0,0.0,0.0,0.0,1.0,0.0,35.0,5.0,40.0,11.0,14.713572066704309,1.0,1.0,1.0,0.0
0.0,0.0,0.0,0.0,0.0,2.0,4.0,0.0,3.0,2.0,0.0,1.0,0.0,1.0,0.0,1.0,22.0,16.0,38.0,10.0,13.663561646129647,0.0,1.0,0.0,0.0
0.0,0.0,0.0,0.0,1.0,4.0,1.0,1.0,4.0,1.0,0.0,1.0,1.0,0.0,0.0,2.0,35.0,7.0,42.0,9.0,12.761200115693562,0.0,1.0,1.0,0.0
0.0,0.0,0.0,0.0,1.0,1.0,3.0,1.0,3.0,3.0,0.0,1.0,1.0,0.0,0.0,2.0,12.0,4.0,16.0,6.0,8.833213344056215,0.0,1.0,0.0,1.0
0.0,0.0,0.0,0.0,0.0,0.0,1.0,0.0,1.0,2.0,0.0,0.0,0.0,0.0,1.0,0.0,11.0,3.0,14.0,8.0,10.70805020110221,0.0,1.0,1.0,0.0
0.0,0.0,0.0,0.0,0.0,1.0,1.0,0.0,2.0,8.0,1.0,1.0,1.0,0.0,0.0,3.0,19.0,3.0,22.0,4.0,7.13549421592915,0.0,1.0,0.0,1.0
0.0,0.0,0.0,0.0,0.0,4.0,3.0,0.0,3.0,4.0,1.0,1.0,1.0,0.0,0.0,3.0,39.0,14.0,53.0,8.0,11.988984046564275,0.0,3.0,0.0,1.0
0.0,0.0,0.0,0.0,1.0,2.0,4.0,2.0,4.0,1.0,0.0,1.0,0.0,1.0,0.0,1.0,32.0,2.0,34.0,9.0,12.555348061489413,0.0,1.0,0.0,0.0
0.0,0.0,0.0,0.0,0.0,1.0,3.0,1.0,2.0,2.0,0.0,1.0,1.0,0.0,0.0,2.0,36.0,2.0,38.0,8.0,11.663561646129647,0.0,1.0,0.0,1.0
0.0,0.0,0.0,0.0,1.0,1.0,4.0,1.0,3.0,2.0,0.0,1.0,0.0,1.0,0.0,1.0,32.0,2.0,34.0,11.0,14.555348061489413,1.0,1.0,1.0,0.0
6.0,1.0,1.0,7.0,0.0,1.0,2.0,2.0,2.0,5.0,1.0,0.0,0.0,0.0,1.0,1.0,4.0,10.0,14.0,5.0,7.7080502011022105,0.0,1.0,1.0,0.0
0.0,0.0,0.0,0.0,0.0,1.0,2.0,1.0,2.0,2.0,0.0,1.0,1.0,0.0,0.0,2.0,51.0,2.0,53.0,6.0,9.988984046564275,0.0,1.0,0.0,0.0
6.0,1.0,1.0,7.0,1.0,1.0,3.0,2.0,3.0,2.0,0.0,1.0,0.0,1.0,0.0,1.0,1.0,3.0,4.0,8.0,9.6094379124341,0.0,1.0,1.0,0.0
0.0,0.0,0.0,0.0,1.0,3.0,3.0,1.0,4.0,3.0,0.0,1.0,1.0,0.0,0.0,2.0,20.0,6.0,26.0,9.0,12.29583686600433,0.0,1.0,0.0,1.0
6.0,1.0,1.0,7.0,0.0,1.0,1.0,0.0,2.0,2.0,0.0,0.0,0.0,0.0,1.0,0.0,33.0,12.0,45.0,10.0,13.828641396489095,0.0,1.0,1.0,0.0
0.0,0.0,0.0,0.0,0.0,0.0,3.0,0.0,1.0,3.0,0.0,0.0,0.0,1.0,0.0,0.0,18.0,2.0,20.0,8.0,11.044522437723423,0.0,1.0,0.0,1.0
0.0,0.0,0.0,0.0,0.0,1.0,1.0,0.0,2.0,2.0,0.0,1.0,0.0,1.0,0.0,1.0,29.0,2.0,31.0,5.0,8.465735902799727,0.0,1.0,0.0,1.0
0.0,0.0,0.0,0.0,0.0,0.0,1.0,0.0,1.0,1.0,0.0,1.0,1.0,0.0,0.0,2.0,17.0,5.0,22.0,9.0,12.13549421592915,0.0,1.0,1.0,0.0
0.0,0.0,0.0,0.0,0.0,1.0,1.0,0.0,2.0,2.0,0.0,1.0,1.0,0.0,0.0,2.0,32.0,2.0,34.0,6.0,9.555348061489413,0.0,1.0,0.0,1.0
0.0,0.0,0.0,0.0,1.0,1.0,1.0,2.0,3.0,2.0,0.0,1.0,1.0,0.0,0.0,2.0,34.0,23.0,57.0,15.0,19.060443010546418,1.0,1.0,0.0,1.0
0.0,0.0,0.0,0.0,0.0,1.0,1.0,0.0,2.0,2.0,0.0,0.0,0.0,1.0,0.0,0.0,36.0,5.0,41.0,6.0,9.737669618283368,0.0,1.0,0.0,1.0
6.0,1.0,1.0,7.0,0.0,0.0,2.0,0.0,1.0,2.0,0.0,1.0,0.0,1.0,0.0,1.0,96.0,2.0,98.0,10.0,14.59511985013459,1.0,1.0,1.0,0.0
0.0,0.0,0.0,0.0,0.0,0.0,0.0,0.0,0.0,1.5,0.0,0.0,0.0,1.0,0.0,0.0,18.0,13.0,31.0,6.0,9.465735902799727,0.0,1.0,0.0,1.0
0.0,0.0,0.0,0.0,0.0,0.0,2.0,1.0,1.0,2.0,0.0,0.0,0.0,1.0,0.0,0.0,21.0,6.0,27.0,13.0,16.332204510175202,1.0,1.0,0.0,1.0
0.0,0.0,0.0,0.0,0.0,2.0,2.0,1.0,3.0,2.0,0.0,0.0,0.0,1.0,0.0,0.0,32.0,41.0,73.0,7.0,11.30406509320417,0.0,1.0,1.0,0.0
0.0,0.0,0.0,0.0,1.0,2.0,3.0,0.0,4.0,3.0,0.0,0.0,0.0,0.0,1.0,0.0,40.0,2.0,42.0,7.0,10.761200115693562,0.0,1.0,0.0,1.0
6.0,1.0,1.0,7.0,0.0,2.0,2.0,1.0,3.0,2.0,0.0,1.0,0.0,1.0,0.0,1.0,15.0,8.0,23.0,14.0,17.178053830347945,1.0,1.0,1.0,0.0
0.0,0.0,0.0,0.0,1.0,1.0,2.0,0.0,3.0,4.0,1.0,1.0,1.0,0.0,0.0,3.0,18.0,2.0,20.0,12.0,15.044522437723423,1.0,1.0,0.0,1.0
6.0,1.0,1.0,7.0,1.0,1.0,3.0,1.0,3.0,2.0,0.0,1.0,0.0,1.0,0.0,1.0,21.0,4.0,25.0,4.0,7.258096538021482,0.0,1.0,1.0,0.0
0.0,0.0,0.0,0.0,1.0,2.0,2.0,2.0,4.0,4.0,1.0,1.0,0.0,1.0,0.0,2.0,46.0,7.0,53.0,19.0,22.988984046564276,1.0,1.0,0.0,1.0
0.0,0.0,0.0,0.0,0.0,1.0,1.0,1.0,2.0,3.0,0.0,1.0,0.0,1.0,0.0,1.0,22.0,2.0,24.0,4.0,7.218875824868201,0.0,1.0,0.0,1.0
0.0,0.0,0.0,0.0,0.0,0.0,2.0,0.0,1.0,2.0,0.0,1.0,1.0,0.0,0.0,2.0,32.0,4.0,36.0,5.0,8.610917912644224,0.0,1.0,0.0,1.0
0.0,0.0,0.0,0.0,0.0,2.0,1.0,1.0,3.0,2.0,0.0,1.0,0.0,1.0,0.0,1.0,35.0,4.0,39.0,11.0,14.688879454113936,1.0,1.0,0.0,1.0
0.0,0.0,0.0,0.0,0.0,2.0,2.0,2.0,3.0,2.0,0.0,0.0,0.0,1.0,0.0,0.0,24.0,6.0,30.0,6.0,9.433987204485145,0.0,1.0,0.0,1.0
0.0,0.0,0.0,0.0,0.0,0.0,1.0,0.0,1.0,3.0,0.0,1.0,1.0,0.0,0.0,2.0,15.0,5.0,20.0,4.0,7.044522437723423,0.0,1.0,0.0,1.0
0.0,0.0,0.0,0.0,0.0,1.0,1.0,1.0,2.0,2.0,0.0,1.0,1.0,0.0,0.0,2.0,15.0,5.0,20.0,5.0,8.044522437723423,0.0,1.0,0.0,1.0
0.0,0.0,0.0,0.0,0.0,3.0,3.0,3.0,3.0,2.0,0.0,0.0,0.0,1.0,0.0,0.0,18.0,10.0,28.0,10.0,13.367295829986475,0.0,1.0,0.0,1.0
0.0,0.0,0.0,0.0,1.0,2.0,3.0,1.0,4.0,2.0,0.0,1.0,1.0,0.0,0.0,2.0,62.0,10.0,72.0,13.0,17.290459441148393,1.0,1.0,1.0,0.0
0.0,0.0,0.0,0.0,1.0,2.0,4.0,0.0,4.0,1.0,0.0,1.0,1.0,0.0,0.0,2.0,72.0,2.0,74.0,12.0,16.31748811353631,1.0,1.0,1.0,0.0
0.0,0.0,0.0,0.0,1.0,1.0,1.0,2.0,3.0,2.0,0.0,1.0,1.0,0.0,0.0,2.0,2.0,2.0,4.0,5.0,6.6094379124341005,0.0,1.0,0.0,0.0
0.0,0.0,0.0,0.0,1.0,2.0,2.0,0.0,4.0,1.5,0.0,1.0,1.0,0.0,0.0,2.0,55.0,10.0,65.0,8.0,12.189654742026425,0.0,1.0,0.0,0.0
0.0,0.0,0.0,0.0,1.0,4.0,5.0,1.0,4.0,2.0,0.0,1.0,1.0,0.0,0.0,2.0,15.0,4.0,19.0,16.0,18.99573227355399,1.0,1.0,0.0,1.0
0.0,0.0,0.0,0.0,1.0,1.0,3.0,0.0,3.0,2.0,0.0,1.0,1.0,0.0,0.0,2.0,35.0,49.0,84.0,5.0,9.442651256490317,0.0,1.0,0.0,1.0
0.0,0.0,0.0,0.0,1.0,1.0,2.0,1.0,3.0,1.0,0.0,0.0,0.0,0.0,1.0,0.0,13.0,7.0,20.0,5.0,8.044522437723423,0.0,1.0,1.0,0.0
0.0,0.0,0.0,0.0,0.0,0.0,1.0,0.0,1.0,2.0,0.0,1.0,0.0,1.0,0.0,1.0,50.0,4.0,54.0,5.0,9.007333185232472,0.0,1.0,0.0,1.0
0.0,0.0,0.0,0.0,0.0,0.0,1.0,0.0,1.0,3.0,0.0,0.0,0.0,1.0,0.0,0.0,21.0,2.0,23.0,10.0,13.178053830347945,0.0,1.0,0.0,1.0
0.0,0.0,0.0,0.0,1.0,1.0,2.0,0.0,3.0,1.0,0.0,0.0,1.0,0.0,0.0,1.0,28.0,2.0,30.0,7.0,10.433987204485145,0.0,1.0,0.0,1.0
0.0,0.0,0.0,0.0,1.0,3.0,5.0,0.0,4.0,4.0,1.0,0.0,0.0,0.0,1.0,1.0,13.0,3.0,16.0,11.0,13.833213344056215,0.0,1.0,0.0,1.0
0.0,0.0,0.0,0.0,0.0,3.0,4.0,0.0,3.0,4.0,1.0,0.0,0.0,1.0,0.0,1.0,41.0,62.0,103.0,17.0,21.64439089914137,1.0,1.0,0.0,1.0
0.0,0.0,0.0,0.0,1.0,2.0,1.0,1.0,4.0,4.0,1.0,1.0,0.0,1.0,0.0,2.0,35.0,7.0,42.0,7.0,10.761200115693562,0.0,1.0,0.0,1.0
0.0,0.0,0.0,0.0,0.0,1.0,3.0,0.0,2.0,1.0,0.0,1.0,1.0,0.0,0.0,2.0,27.0,5.0,32.0,12.0,15.49650756146648,1.0,1.0,0.0,1.0
0.0,0.0,0.0,0.0,1.0,2.0,3.0,0.0,4.0,3.0,0.0,1.0,1.0,0.0,0.0,2.0,6.0,3.0,9.0,8.0,10.302585092994047,0.0,1.0,0.0,1.0
0.0,0.0,0.0,0.0,0.0,0.0,1.0,0.0,1.0,2.0,0.0,0.0,1.0,0.0,0.0,1.0,52.0,19.0,71.0,6.0,10.276666119016056,0.0,1.0,0.0,1.0
6.0,1.0,1.0,7.0,1.0,3.0,1.0,0.0,4.0,2.0,0.0,1.0,0.0,1.0,0.0,1.0,56.0,1.0,57.0,15.0,19.060443010546418,1.0,1.0,1.0,0.0
0.0,0.0,0.0,0.0,0.0,0.0,1.0,0.0,1.0,1.0,0.0,1.0,0.0,1.0,0.0,1.0,25.0,6.0,31.0,8.0,11.465735902799727,0.0,1.0,0.0,1.0
0.0,0.0,0.0,0.0,0.0,0.0,1.0,0.0,1.0,4.0,1.0,0.0,0.0,0.0,1.0,1.0,36.0,4.0,40.0,6.0,9.713572066704309,0.0,1.0,0.0,0.0
0.0,0.0,0.0,0.0,0.0,1.0,3.0,0.0,2.0,2.0,0.0,0.0,0.0,1.0,0.0,0.0,19.0,8.0,27.0,8.0,11.332204510175204,0.0,1.0,0.0,1.0
6.0,1.0,1.0,7.0,0.0,2.0,1.0,1.0,3.0,2.0,0.0,1.0,1.0,0.0,0.0,2.0,17.0,2.0,19.0,6.0,8.99573227355399,0.0,1.0,1.0,0.0
6.0,1.0,1.0,7.0,0.0,2.0,1.0,2.0,3.0,1.0,0.0,0.0,0.0,0.0,1.0,0.0,17.0,3.0,20.0,14.0,17.044522437723423,1.0,1.0,1.0,0.0
6.0,1.0,1.0,7.0,1.0,3.0,2.0,1.0,4.0,2.0,0.0,0.0,0.0,0.0,1.0,0.0,4.0,3.0,7.0,11.0,13.079441541679836,0.0,1.0,1.0,0.0
0.0,0.0,0.0,0.0,0.0,2.0,1.0,0.0,3.0,2.0,0.0,0.0,0.0,1.0,0.0,0.0,24.0,1.0,25.0,6.0,9.258096538021482,0.0,1.0,0.0,1.0
0.0,0.0,0.0,0.0,1.0,2.0,4.0,0.0,4.0,5.0,1.0,1.0,1.0,0.0,0.0,3.0,26.0,3.0,29.0,7.0,10.401197381662156,0.0,1.0,0.0,1.0
0.0,0.0,0.0,0.0,0.0,1.0,3.0,0.0,2.0,1.0,0.0,0.0,1.0,0.0,0.0,1.0,9.0,7.0,16.0,8.0,10.833213344056215,0.0,1.0,0.0,1.0
6.0,1.0,1.0,7.0,1.0,2.0,6.0,0.0,4.0,2.0,0.0,0.0,0.0,1.0,0.0,0.0,9.0,2.0,11.0,9.0,11.484906649788,0.0,1.0,1.0,0.0
0.0,0.0,0.0,0.0,1.0,3.0,3.0,0.0,4.0,2.0,0.0,0.0,0.0,1.0,0.0,0.0,29.0,5.0,34.0,8.0,11.555348061489413,0.0,1.0,0.0,1.0
6.0,1.0,1.0,7.0,1.0,1.0,3.0,0.0,3.0,2.0,0.0,0.0,0.0,1.0,0.0,0.0,34.0,2.0,36.0,13.0,16.610917912644226,1.0,1.0,1.0,0.0
6.0,1.0,1.0,7.0,0.0,2.0,3.0,0.0,3.0,3.0,0.0,1.0,1.0,0.0,0.0,2.0,28.0,2.0,30.0,6.0,9.433987204485145,0.0,1.0,1.0,0.0
0.0,0.0,0.0,0.0,1.0,4.0,6.0,1.0,4.0,3.0,0.0,1.0,1.0,0.0,0.0,2.0,12.0,3.0,15.0,9.0,11.772588722239782,0.0,1.0,0.0,1.0
0.0,0.0,0.0,0.0,1.0,1.0,2.0,0.0,3.0,2.0,0.0,1.0,1.0,0.0,0.0,2.0,14.0,3.0,17.0,4.0,6.8903717578961645,0.0,1.0,0.0,0.0
0.0,0.0,0.0,0.0,1.0,1.0,3.0,0.0,3.0,2.0,0.0,1.0,1.0,0.0,0.0,2.0,18.0,2.0,20.0,5.0,8.044522437723423,0.0,1.0,0.0,1.0
0.0,0.0,0.0,0.0,1.0,2.0,3.0,1.0,4.0,4.0,1.0,0.0,0.0,0.0,1.0,1.0,37.0,3.0,40.0,10.0,13.713572066704309,0.0,1.0,0.0,1.0
0.0,0.0,0.0,0.0,0.0,0.0,2.0,0.0,1.0,2.0,0.0,1.0,0.0,0.0,1.0,1.0,72.0,6.0,78.0,10.0,14.369447852467022,1.0,1.0,0.0,1.0
0.0,0.0,0.0,0.0,1.0,1.0,1.0,1.0,3.0,2.0,0.0,1.0,0.0,1.0,0.0,1.0,17.0,3.0,20.0,8.0,11.044522437723423,0.0,1.0,0.0,1.0
6.0,1.0,1.0,7.0,1.0,3.0,2.0,1.0,4.0,1.0,0.0,1.0,1.0,0.0,0.0,2.0,11.0,3.0,14.0,18.0,20.70805020110221,1.0,1.0,1.0,0.0
0.0,0.0,0.0,0.0,0.0,1.0,2.0,0.0,2.0,2.0,0.0,0.0,0.0,0.0,1.0,0.0,17.0,26.0,43.0,7.0,10.784189633918261,0.0,1.0,0.0,1.0
0.0,0.0,0.0,0.0,1.0,2.0,4.0,0.0,4.0,2.0,0.0,0.0,0.0,0.0,1.0,0.0,49.0,2.0,51.0,11.0,14.951243718581427,1.0,1.0,0.0,1.0
0.0,0.0,0.0,0.0,1.0,3.0,2.0,1.0,4.0,1.0,0.0,1.0,0.0,1.0,0.0,1.0,19.0,4.0,23.0,8.0,11.178053830347945,0.0,1.0,0.0,1.0
0.0,0.0,0.0,0.0,1.0,1.0,2.0,0.0,3.0,2.0,0.0,1.0,1.0,0.0,0.0,2.0,24.0,2.0,26.0,4.0,7.295836866004329,0.0,1.0,0.0,1.0
0.0,0.0,0.0,0.0,0.0,1.0,3.0,1.0,2.0,1.0,0.0,0.0,0.0,0.0,1.0,0.0,9.0,8.0,17.0,6.0,8.890371757896165,0.0,1.0,1.0,0.0
0.0,0.0,0.0,0.0,0.0,1.0,2.0,0.0,2.0,3.0,0.0,0.0,0.0,0.0,1.0,0.0,54.0,2.0,56.0,7.0,11.04305126783455,0.0,1.0,0.0,1.0
6.0,1.0,1.0,7.0,1.0,3.0,3.0,2.0,4.0,1.0,0.0,0.0,1.0,0.0,0.0,1.0,14.0,2.0,16.0,13.0,15.833213344056215,1.0,1.0,1.0,0.0
0.0,0.0,0.0,0.0,0.0,3.0,2.0,0.0,3.0,2.0,0.0,1.0,1.0,0.0,0.0,2.0,17.0,3.0,20.0,7.0,10.044522437723423,0.0,1.0,0.0,1.0
0.0,0.0,0.0,0.0,0.0,1.0,1.0,2.0,2.0,3.0,0.0,1.0,0.0,1.0,0.0,1.0,30.0,2.0,32.0,13.0,16.49650756146648,1.0,1.0,0.0,1.0
0.0,0.0,0.0,0.0,1.0,0.0,2.0,1.0,2.0,2.0,0.0,1.0,0.0,1.0,0.0,1.0,23.0,2.0,25.0,4.0,7.258096538021482,0.0,1.0,0.0,1.0
0.0,0.0,0.0,0.0,0.0,0.0,1.0,0.0,1.0,2.0,0.0,1.0,1.0,0.0,0.0,2.0,17.0,8.0,25.0,7.0,10.258096538021482,0.0,1.0,0.0,1.0
6.0,1.0,1.0,7.0,1.0,3.0,2.0,0.0,4.0,1.0,0.0,1.0,1.0,0.0,0.0,2.0,28.0,2.0,30.0,8.0,11.433987204485145,0.0,1.0,1.0,0.0
6.0,1.0,1.0,7.0,0.0,1.0,3.0,2.0,2.0,4.0,1.0,1.0,1.0,0.0,0.0,3.0,17.0,15.0,32.0,11.0,14.49650756146648,1.0,1.0,1.0,0.0
0.0,0.0,0.0,0.0,1.0,2.0,1.0,0.0,4.0,1.5,0.0,0.0,0.0,1.0,0.0,0.0,21.0,4.0,25.0,11.0,14.258096538021482,1.0,1.0,0.0,1.0
0.0,0.0,0.0,0.0,1.0,2.0,2.0,2.0,4.0,2.0,0.0,1.0,1.0,0.0,0.0,2.0,63.0,2.0,65.0,7.0,11.189654742026425,0.0,1.0,0.0,0.0
0.0,0.0,0.0,0.0,0.0,1.0,3.0,0.0,2.0,3.0,0.0,1.0,1.0,0.0,0.0,2.0,30.0,15.0,45.0,11.0,14.828641396489095,1.0,1.0,0.0,1.0
0.0,0.0,0.0,0.0,0.0,3.0,2.0,0.0,3.0,2.0,0.0,1.0,1.0,0.0,0.0,2.0,12.0,10.0,22.0,15.0,18.13549421592915,1.0,1.0,0.0,1.0
6.0,1.0,1.0,7.0,1.0,1.0,2.0,2.0,3.0,1.0,0.0,0.0,0.0,0.0,1.0,0.0,16.0,14.0,30.0,6.0,9.433987204485145,0.0,1.0,1.0,0.0
0.0,0.0,0.0,0.0,0.0,0.0,1.0,0.0,1.0,2.0,0.0,0.0,0.0,0.0,1.0,0.0,3.0,12.0,15.0,6.0,8.772588722239782,0.0,1.0,1.0,0.0
0.0,0.0,0.0,0.0,0.0,4.0,3.0,0.0,3.0,2.0,0.0,0.0,1.0,0.0,0.0,1.0,34.0,6.0,40.0,13.0,16.71357206670431,1.0,1.0,0.0,1.0
0.0,0.0,0.0,0.0,0.0,1.0,1.0,0.0,2.0,1.0,0.0,1.0,1.0,0.0,0.0,2.0,7.0,2.0,9.0,6.0,8.302585092994047,0.0,1.0,1.0,0.0
0.0,0.0,0.0,0.0,0.0,1.0,3.0,0.0,2.0,3.0,0.0,0.0,0.0,1.0,0.0,0.0,16.0,6.0,22.0,6.0,9.13549421592915,0.0,1.0,0.0,1.0
0.0,0.0,0.0,0.0,1.0,3.0,4.0,1.0,4.0,4.0,1.0,0.0,0.0,1.0,0.0,1.0,23.0,4.0,27.0,7.0,10.332204510175204,0.0,1.0,1.0,0.0
6.0,1.0,1.0,7.0,0.0,2.0,3.0,1.0,3.0,2.0,0.0,0.0,0.0,0.0,1.0,0.0,50.0,15.0,65.0,6.0,10.189654742026425,0.0,1.0,1.0,0.0
0.0,0.0,0.0,0.0,1.0,3.0,5.0,0.0,4.0,2.0,0.0,1.0,0.0,1.0,0.0,1.0,69.0,2.0,71.0,19.0,23.276666119016056,1.0,1.0,0.0,1.0
0.0,0.0,0.0,0.0,1.0,1.0,1.0,0.0,3.0,2.0,0.0,1.0,1.0,0.0,0.0,2.0,14.0,3.0,17.0,4.0,6.8903717578961645,0.0,1.0,0.0,1.0
0.0,0.0,0.0,0.0,1.0,4.0,1.0,0.0,4.0,2.0,0.0,1.0,1.0,0.0,0.0,2.0,25.0,3.0,28.0,13.0,16.367295829986475,1.0,1.0,0.0,1.0
0.0,0.0,0.0,0.0,1.0,1.0,2.0,0.0,3.0,2.0,0.0,1.0,0.0,1.0,0.0,1.0,11.0,3.0,14.0,4.0,6.7080502011022105,0.0,1.0,1.0,0.0
0.0,0.0,0.0,0.0,1.0,2.0,3.0,0.0,4.0,2.0,0.0,1.0,1.0,0.0,0.0,2.0,29.0,2.0,31.0,10.0,13.465735902799727,0.0,1.0,0.0,1.0
0.0,0.0,0.0,0.0,0.0,0.0,3.0,0.0,1.0,2.0,0.0,1.0,1.0,0.0,0.0,2.0,33.0,16.0,49.0,8.0,11.912023005428146,0.0,1.0,0.0,1.0
0.0,0.0,0.0,0.0,0.0,1.0,6.0,0.0,2.0,1.0,0.0,1.0,1.0,0.0,0.0,2.0,16.0,6.0,22.0,8.0,11.13549421592915,0.0,1.0,0.0,1.0
0.0,0.0,0.0,0.0,1.0,3.0,3.0,1.0,4.0,2.0,0.0,1.0,1.0,0.0,0.0,2.0,64.0,4.0,68.0,15.0,19.23410650459726,1.0,1.0,1.0,0.0
0.0,0.0,0.0,0.0,1.0,2.0,4.0,1.0,4.0,3.0,0.0,1.0,0.0,1.0,0.0,1.0,31.0,6.0,37.0,12.0,15.637586159726386,1.0,1.0,0.0,0.0
0.0,0.0,0.0,0.0,1.0,1.0,4.0,0.0,3.0,3.0,0.0,1.0,1.0,0.0,0.0,2.0,26.0,2.0,28.0,12.0,15.367295829986475,1.0,1.0,0.0,1.0
0.0,0.0,0.0,0.0,1.0,3.0,3.0,0.0,4.0,5.0,1.0,1.0,0.0,1.0,0.0,2.0,30.0,2.0,32.0,10.0,13.49650756146648,0.0,1.0,1.0,0.0
0.0,0.0,0.0,0.0,0.0,2.0,1.0,0.0,3.0,3.0,0.0,0.0,0.0,0.0,1.0,0.0,36.0,9.0,45.0,13.0,16.828641396489097,1.0,1.0,0.0,1.0
6.0,1.0,1.0,7.0,1.0,3.0,2.0,1.0,4.0,3.0,0.0,0.0,0.0,0.0,1.0,0.0,47.0,20.0,67.0,19.0,23.219507705176106,1.0,1.0,1.0,0.0
0.0,0.0,0.0,0.0,1.0,1.0,4.0,1.0,3.0,2.0,0.0,1.0,1.0,0.0,0.0,2.0,33.0,14.0,47.0,5.0,8.87120101090789,0.0,1.0,0.0,1.0
0.0,0.0,0.0,0.0,1.0,3.0,3.0,1.0,4.0,2.0,0.0,1.0,0.0,1.0,0.0,1.0,38.0,3.0,41.0,21.0,24.73766961828337,1.0,1.0,1.0,0.0
0.0,0.0,0.0,0.0,0.0,1.0,4.0,1.0,2.0,3.0,0.0,0.0,0.0,1.0,0.0,0.0,31.0,1.0,32.0,13.0,16.49650756146648,1.0,1.0,0.0,0.0
0.0,0.0,0.0,0.0,0.0,1.0,2.0,1.0,2.0,4.0,1.0,1.0,1.0,0.0,0.0,3.0,29.0,6.0,35.0,7.0,10.583518938456109,0.0,1.0,0.0,1.0
0.0,0.0,0.0,0.0,0.0,3.0,1.0,4.0,3.0,2.0,0.0,1.0,1.0,0.0,0.0,2.0,2.0,4.0,6.0,8.0,9.945910149055313,0.0,1.0,1.0,0.0
0.0,0.0,0.0,0.0,0.0,1.0,1.0,1.0,2.0,1.5,0.0,1.0,1.0,0.0,0.0,2.0,28.0,9.0,37.0,6.0,9.637586159726386,0.0,1.0,0.0,0.0
6.0,1.0,1.0,7.0,0.0,2.0,1.0,2.0,3.0,1.0,0.0,0.0,1.0,0.0,0.0,1.0,12.0,2.0,14.0,7.0,9.70805020110221,0.0,1.0,1.0,0.0
0.0,0.0,0.0,0.0,0.0,1.0,4.0,0.0,2.0,2.0,0.0,1.0,0.0,1.0,0.0,1.0,9.0,3.0,12.0,11.0,13.564949357461536,0.0,1.0,1.0,0.0
0.0,0.0,0.0,0.0,1.0,3.0,2.0,1.0,4.0,2.0,0.0,1.0,0.0,1.0,0.0,1.0,6.0,4.0,10.0,14.0,16.397895272798372,1.0,1.0,0.0,1.0
0.0,0.0,0.0,0.0,1.0,3.0,3.0,0.0,4.0,1.0,0.0,1.0,1.0,0.0,0.0,2.0,17.0,2.0,19.0,7.0,9.99573227355399,0.0,1.0,0.0,1.0
0.0,0.0,0.0,0.0,1.0,2.0,3.0,1.0,4.0,4.0,1.0,1.0,1.0,0.0,0.0,3.0,19.0,1.0,20.0,10.0,13.044522437723423,0.0,1.0,0.0,1.0
0.0,0.0,0.0,0.0,1.0,4.0,4.0,1.0,4.0,1.0,0.0,1.0,1.0,0.0,0.0,2.0,20.0,2.0,22.0,9.0,12.13549421592915,0.0,1.0,0.0,0.0
6.0,1.0,1.0,7.0,0.0,1.0,2.0,1.0,2.0,3.0,0.0,0.0,1.0,0.0,0.0,1.0,13.0,2.0,15.0,14.0,16.77258872223978,1.0,1.0,1.0,0.0
0.0,0.0,0.0,0.0,1.0,2.0,3.0,0.0,4.0,3.0,0.0,1.0,0.0,1.0,0.0,1.0,13.0,4.0,17.0,10.0,12.890371757896165,0.0,1.0,0.0,1.0
0.0,0.0,0.0,0.0,0.0,0.0,2.0,0.0,1.0,0.0,0.0,1.0,0.0,1.0,0.0,1.0,27.0,6.0,33.0,7.0,10.526360524616162,0.0,1.0,0.0,1.0
6.0,1.0,1.0,7.0,0.0,1.0,1.0,2.0,2.0,3.0,0.0,1.0,0.0,1.0,0.0,1.0,20.0,5.0,25.0,4.0,7.258096538021482,0.0,1.0,1.0,0.0
0.0,0.0,0.0,0.0,0.0,1.0,3.0,0.0,2.0,2.0,0.0,0.0,0.0,0.0,1.0,0.0,11.0,3.0,14.0,7.0,9.70805020110221,0.0,1.0,0.0,1.0
0.0,0.0,0.0,0.0,1.0,4.0,5.0,0.0,4.0,2.0,0.0,1.0,0.0,1.0,0.0,1.0,28.0,22.0,50.0,17.0,20.931825632724326,1.0,1.0,0.0,1.0
0.0,0.0,0.0,0.0,0.0,2.0,4.0,0.0,3.0,2.0,0.0,0.0,0.0,0.0,1.0,0.0,12.0,2.0,14.0,11.0,13.70805020110221,0.0,1.0,0.0,1.0
6.0,1.0,1.0,7.0,1.0,2.0,1.0,4.0,4.0,2.0,0.0,0.0,0.0,0.0,1.0,0.0,4.0,3.0,7.0,8.0,10.079441541679836,0.0,1.0,1.0,0.0
0.0,0.0,0.0,0.0,1.0,1.0,2.0,0.0,3.0,2.0,0.0,0.0,0.0,0.0,1.0,0.0,26.0,7.0,33.0,8.0,11.526360524616162,0.0,1.0,0.0,1.0
0.0,0.0,0.0,0.0,1.0,1.0,1.0,0.0,3.0,3.0,0.0,1.0,1.0,0.0,0.0,2.0,12.0,5.0,17.0,5.0,7.8903717578961645,0.0,1.0,0.0,1.0
0.0,0.0,0.0,0.0,0.0,0.0,4.0,0.0,1.0,1.0,0.0,1.0,0.0,1.0,0.0,1.0,1.0,11.0,12.0,4.0,6.564949357461536,0.0,1.0,0.0,1.0
0.0,0.0,0.0,0.0,0.0,1.0,2.0,1.0,2.0,2.0,0.0,1.0,0.0,1.0,0.0,1.0,4.0,5.0,9.0,4.0,6.302585092994046,0.0,1.0,0.0,1.0
6.0,1.0,1.0,7.0,0.0,0.0,2.0,3.0,1.0,2.0,0.0,0.0,0.0,0.0,1.0,0.0,1.0,3.0,4.0,8.0,9.6094379124341,0.0,1.0,1.0,0.0
0.0,0.0,0.0,0.0,0.0,0.0,2.0,0.0,1.0,1.0,0.0,1.0,1.0,0.0,0.0,2.0,40.0,11.0,51.0,7.0,10.951243718581427,0.0,1.0,0.0,1.0
0.0,0.0,0.0,0.0,0.0,0.0,2.0,0.0,1.0,2.0,0.0,1.0,1.0,0.0,0.0,2.0,21.0,9.0,30.0,8.0,11.433987204485145,0.0,1.0,1.0,0.0
0.0,0.0,0.0,0.0,1.0,1.0,3.0,0.0,3.0,2.0,0.0,1.0,1.0,0.0,0.0,2.0,25.0,20.0,45.0,7.0,10.828641396489095,0.0,1.0,0.0,0.0
6.0,1.0,1.0,7.0,1.0,2.0,2.0,2.0,4.0,3.0,0.0,1.0,0.0,1.0,0.0,1.0,21.0,2.0,23.0,14.0,17.178053830347945,1.0,1.0,1.0,0.0
0.0,0.0,0.0,0.0,1.0,1.0,3.0,1.0,3.0,4.0,1.0,0.0,0.0,1.0,0.0,1.0,36.0,8.0,44.0,10.0,13.80666248977032,0.0,1.0,1.0,0.0
6.0,1.0,1.0,7.0,0.0,1.0,3.0,0.0,2.0,2.0,0.0,1.0,0.0,1.0,0.0,1.0,42.0,2.0,44.0,10.0,13.80666248977032,0.0,1.0,1.0,0.0
0.0,0.0,0.0,0.0,0.0,3.0,1.0,0.0,3.0,2.0,0.0,1.0,0.0,1.0,0.0,1.0,9.0,2.0,11.0,13.0,15.484906649788,1.0,1.0,0.0,1.0
0.0,0.0,0.0,0.0,1.0,3.0,4.0,0.0,4.0,4.0,1.0,1.0,0.0,1.0,0.0,2.0,29.0,1.0,30.0,10.0,13.433987204485145,0.0,1.0,0.0,1.0
6.0,1.0,1.0,7.0,0.0,1.0,1.0,2.0,2.0,2.0,0.0,1.0,0.0,0.0,1.0,1.0,11.0,8.0,19.0,13.0,15.99573227355399,1.0,1.0,1.0,0.0
0.0,0.0,0.0,0.0,1.0,1.0,1.0,1.0,3.0,2.0,0.0,1.0,1.0,0.0,0.0,2.0,13.0,5.0,18.0,6.0,8.94443897916644,0.0,1.0,0.0,0.0
0.0,0.0,0.0,0.0,1.0,1.0,2.0,2.0,3.0,3.0,0.0,1.0,1.0,0.0,0.0,2.0,1.0,16.0,17.0,10.0,12.890371757896165,0.0,1.0,0.0,0.0
0.0,0.0,0.0,0.0,1.0,2.0,2.0,0.0,4.0,2.0,0.0,1.0,1.0,0.0,0.0,2.0,9.0,2.0,11.0,7.0,9.484906649788,0.0,1.0,0.0,1.0
0.0,0.0,0.0,0.0,0.0,1.0,1.0,0.0,2.0,2.0,0.0,1.0,1.0,0.0,0.0,2.0,25.0,2.0,27.0,8.0,11.332204510175204,0.0,1.0,0.0,1.0
0.0,0.0,0.0,0.0,1.0,2.0,3.0,2.0,4.0,2.0,0.0,1.0,1.0,0.0,0.0,2.0,21.0,2.0,23.0,11.0,14.178053830347945,1.0,1.0,0.0,1.0
0.0,0.0,0.0,0.0,0.0,1.0,2.0,3.0,2.0,3.0,0.0,1.0,1.0,0.0,0.0,2.0,10.0,11.0,21.0,4.0,7.091042453358316,0.0,1.0,0.0,1.0
0.0,0.0,0.0,0.0,1.0,1.0,3.0,0.0,3.0,3.0,0.0,1.0,1.0,0.0,0.0,2.0,4.0,6.0,10.0,4.0,6.397895272798371,0.0,1.0,0.0,1.0
0.0,0.0,0.0,0.0,0.0,0.0,1.0,1.0,1.0,1.0,0.0,0.0,0.0,0.0,1.0,0.0,24.0,7.0,31.0,6.0,9.465735902799727,0.0,1.0,0.0,1.0
0.0,0.0,0.0,0.0,0.0,0.0,2.0,0.0,1.0,2.0,0.0,1.0,1.0,0.0,0.0,2.0,18.0,8.0,26.0,8.0,11.29583686600433,0.0,1.0,0.0,1.0
0.0,0.0,0.0,0.0,0.0,1.0,2.0,1.0,2.0,2.0,0.0,1.0,1.0,0.0,0.0,2.0,55.0,2.0,57.0,7.0,11.060443010546418,0.0,1.0,0.0,0.0
0.0,0.0,0.0,0.0,1.0,2.0,3.0,0.0,4.0,5.0,1.0,1.0,0.0,1.0,0.0,2.0,13.0,3.0,16.0,8.0,10.833213344056215,0.0,1.0,1.0,0.0
0.0,0.0,0.0,0.0,0.0,0.0,1.0,0.0,1.0,2.0,0.0,0.0,0.0,1.0,0.0,0.0,22.0,8.0,30.0,7.0,10.433987204485145,0.0,1.0,0.0,1.0
0.0,0.0,0.0,0.0,0.0,1.0,3.0,0.0,2.0,2.0,0.0,1.0,1.0,0.0,0.0,2.0,17.0,5.0,22.0,8.0,11.13549421592915,0.0,1.0,0.0,1.0
0.0,0.0,0.0,0.0,0.0,1.0,2.0,0.0,2.0,1.5,0.0,1.0,1.0,0.0,0.0,2.0,30.0,2.0,32.0,8.0,11.49650756146648,0.0,1.0,0.0,1.0
0.0,0.0,0.0,0.0,0.0,2.0,3.0,0.0,3.0,2.0,0.0,1.0,1.0,0.0,0.0,2.0,19.0,8.0,27.0,18.0,21.332204510175202,1.0,1.0,0.0,1.0
6.0,1.0,1.0,7.0,1.0,0.0,1.0,3.0,2.0,2.0,0.0,0.0,0.0,0.0,1.0,0.0,24.0,6.0,30.0,8.0,11.433987204485145,0.0,1.0,1.0,0.0
0.0,0.0,0.0,0.0,0.0,2.0,3.0,1.0,3.0,2.0,0.0,1.0,0.0,1.0,0.0,1.0,18.0,13.0,31.0,6.0,9.465735902799727,0.0,1.0,0.0,1.0
0.0,0.0,0.0,0.0,1.0,1.0,1.0,1.0,3.0,2.0,0.0,1.0,1.0,0.0,0.0,2.0,53.0,4.0,57.0,9.0,13.060443010546418,0.0,1.0,0.0,1.0
0.0,0.0,0.0,0.0,0.0,1.0,5.0,0.0,2.0,2.0,0.0,1.0,1.0,0.0,0.0,2.0,5.0,4.0,9.0,9.0,11.302585092994047,0.0,1.0,0.0,1.0
0.0,0.0,0.0,0.0,1.0,0.0,2.0,0.0,2.0,3.0,0.0,1.0,0.0,1.0,0.0,1.0,26.0,4.0,30.0,5.0,8.433987204485145,0.0,1.0,0.0,1.0
0.0,0.0,0.0,0.0,1.0,1.0,2.0,0.0,3.0,2.0,0.0,0.0,0.0,0.0,1.0,0.0,30.0,3.0,33.0,6.0,9.526360524616162,0.0,1.0,1.0,0.0
6.0,1.0,1.0,7.0,0.0,1.0,2.0,0.0,2.0,2.0,0.0,0.0,0.0,0.0,1.0,0.0,25.0,10.0,35.0,8.0,11.583518938456109,0.0,1.0,1.0,0.0
0.0,0.0,0.0,0.0,0.0,0.0,2.0,1.0,1.0,2.0,0.0,1.0,1.0,0.0,0.0,2.0,35.0,6.0,41.0,9.0,12.737669618283368,0.0,1.0,0.0,0.0
6.0,1.0,1.0,7.0,0.0,0.0,3.0,0.0,1.0,1.0,0.0,1.0,1.0,0.0,0.0,2.0,37.0,3.0,40.0,9.0,12.713572066704309,0.0,1.0,1.0,0.0
0.0,0.0,0.0,0.0,1.0,1.0,1.0,0.0,3.0,1.0,0.0,1.0,0.0,1.0,0.0,1.0,38.0,3.0,41.0,8.0,11.737669618283368,0.0,1.0,0.0,1.0
0.0,0.0,0.0,0.0,0.0,0.0,1.0,0.0,1.0,1.0,0.0,1.0,0.0,0.0,1.0,1.0,13.0,3.0,16.0,8.0,10.833213344056215,0.0,1.0,0.0,1.0
6.0,1.0,1.0,7.0,0.0,3.0,1.0,0.0,3.0,1.0,0.0,1.0,0.0,1.0,0.0,1.0,36.0,5.0,41.0,10.0,13.737669618283368,0.0,1.0,1.0,0.0
6.0,1.0,1.0,7.0,0.0,3.0,3.0,0.0,3.0,2.0,0.0,1.0,1.0,0.0,0.0,2.0,52.0,3.0,55.0,9.0,13.02535169073515,0.0,1.0,1.0,0.0
0.0,0.0,0.0,0.0,1.0,1.0,2.0,0.0,3.0,3.0,0.0,1.0,1.0,0.0,0.0,2.0,57.0,27.0,84.0,10.0,14.442651256490317,1.0,1.0,0.0,1.0
6.0,1.0,1.0,7.0,0.0,2.0,3.0,0.0,3.0,1.5,0.0,1.0,1.0,0.0,0.0,2.0,6.0,2.0,8.0,12.0,14.19722457733622,1.0,1.0,1.0,0.0
0.0,0.0,0.0,0.0,0.0,1.0,1.0,0.0,2.0,2.0,0.0,1.0,1.0,0.0,0.0,2.0,18.0,2.0,20.0,7.0,10.044522437723423,0.0,1.0,1.0,0.0
6.0,1.0,1.0,7.0,1.0,0.0,2.0,3.0,2.0,2.0,0.0,0.0,0.0,0.0,1.0,0.0,4.0,14.0,18.0,6.0,8.94443897916644,0.0,1.0,1.0,0.0
0.0,0.0,0.0,0.0,1.0,1.0,4.0,0.0,3.0,2.0,0.0,1.0,1.0,0.0,0.0,2.0,4.0,2.0,6.0,7.0,8.945910149055313,0.0,1.0,1.0,0.0
0.0,0.0,0.0,0.0,0.0,1.0,3.0,0.0,2.0,2.0,0.0,0.0,0.0,0.0,1.0,0.0,23.0,4.0,27.0,6.0,9.332204510175204,0.0,1.0,0.0,1.0
0.0,0.0,0.0,0.0,0.0,1.0,4.0,0.0,2.0,2.0,0.0,1.0,0.0,1.0,0.0,1.0,18.0,29.0,47.0,11.0,14.87120101090789,1.0,1.0,0.0,1.0
6.0,1.0,1.0,7.0,1.0,3.0,4.0,2.0,4.0,2.0,0.0,0.0,0.0,0.0,1.0,0.0,17.0,5.0,22.0,11.0,14.13549421592915,1.0,1.0,1.0,0.0
0.0,0.0,0.0,0.0,0.0,0.0,2.0,0.0,1.0,2.0,0.0,1.0,1.0,0.0,0.0,2.0,14.0,18.0,32.0,9.0,12.49650756146648,0.0,1.0,0.0,1.0
0.0,0.0,0.0,0.0,0.0,2.0,1.0,0.0,3.0,2.0,0.0,0.0,0.0,1.0,0.0,0.0,24.0,6.0,30.0,17.0,20.433987204485145,1.0,1.0,0.0,1.0
6.0,1.0,1.0,7.0,0.0,2.0,2.0,2.0,3.0,2.0,0.0,0.0,1.0,0.0,0.0,1.0,119.0,8.0,127.0,9.0,13.852030263919616,0.0,1.0,1.0,0.0
0.0,0.0,0.0,0.0,0.0,1.0,4.0,1.0,2.0,5.0,1.0,1.0,1.0,0.0,0.0,3.0,27.0,26.0,53.0,12.0,15.988984046564275,1.0,1.0,0.0,1.0
0.0,0.0,0.0,0.0,0.0,3.0,3.0,1.0,3.0,2.0,0.0,1.0,1.0,0.0,0.0,2.0,30.0,4.0,34.0,10.0,13.555348061489413,0.0,1.0,0.0,1.0
0.0,0.0,0.0,0.0,0.0,2.0,1.0,0.0,3.0,2.0,0.0,1.0,0.0,1.0,0.0,1.0,14.0,3.0,17.0,14.0,16.890371757896165,1.0,1.0,0.0,1.0
0.0,0.0,0.0,0.0,1.0,1.0,5.0,0.0,3.0,2.0,0.0,1.0,0.0,1.0,0.0,1.0,31.0,5.0,36.0,8.0,11.610917912644224,0.0,1.0,0.0,0.0
0.0,0.0,0.0,0.0,0.0,0.0,2.0,0.0,1.0,2.0,0.0,0.0,0.0,0.0,1.0,0.0,62.0,11.0,73.0,5.0,9.30406509320417,0.0,1.0,0.0,1.0
0.0,0.0,0.0,0.0,1.0,1.0,1.0,1.0,3.0,3.0,0.0,1.0,1.0,0.0,0.0,2.0,10.0,5.0,15.0,4.0,6.772588722239782,0.0,1.0,0.0,1.0
6.0,1.0,1.0,7.0,1.0,3.0,2.0,0.0,4.0,1.0,0.0,0.0,0.0,1.0,0.0,0.0,21.0,3.0,24.0,15.0,18.2188758248682,1.0,1.0,1.0,0.0
6.0,1.0,1.0,7.0,1.0,3.0,2.0,1.0,4.0,2.0,0.0,1.0,0.0,1.0,0.0,1.0,29.0,2.0,31.0,9.0,12.465735902799727,0.0,1.0,1.0,0.0
0.0,0.0,0.0,0.0,0.0,0.0,2.0,1.0,1.0,2.0,0.0,1.0,1.0,0.0,0.0,2.0,7.0,4.0,11.0,8.0,10.484906649788,0.0,1.0,0.0,1.0
0.0,0.0,0.0,0.0,1.0,3.0,4.0,0.0,4.0,3.0,0.0,1.0,0.0,1.0,0.0,1.0,17.0,3.0,20.0,13.0,16.044522437723423,1.0,1.0,0.0,0.0
6.0,1.0,1.0,7.0,1.0,0.0,7.0,0.0,2.0,3.0,0.0,1.0,0.0,1.0,0.0,1.0,25.0,5.0,30.0,11.0,14.433987204485145,1.0,1.0,1.0,0.0
0.0,0.0,0.0,0.0,1.0,3.0,3.0,0.0,4.0,2.0,0.0,1.0,0.0,1.0,0.0,1.0,3.0,2.0,5.0,8.0,9.791759469228055,0.0,1.0,0.0,1.0
0.0,0.0,0.0,0.0,0.0,2.0,2.0,0.0,3.0,2.0,0.0,0.0,0.0,1.0,0.0,0.0,6.0,6.0,12.0,9.0,11.564949357461536,0.0,1.0,0.0,1.0
6.0,1.0,1.0,7.0,1.0,1.0,2.0,2.0,3.0,1.0,0.0,0.0,1.0,0.0,0.0,1.0,3.0,3.0,6.0,6.0,7.9459101490553135,0.0,1.0,1.0,0.0
0.0,0.0,0.0,0.0,0.0,0.0,2.0,1.0,1.0,2.0,0.0,0.0,0.0,1.0,0.0,0.0,18.0,6.0,24.0,8.0,11.218875824868201,0.0,1.0,1.0,0.0
0.0,0.0,0.0,0.0,0.0,0.0,2.0,0.0,1.0,4.0,1.0,0.0,0.0,0.0,1.0,1.0,12.0,4.0,16.0,7.0,9.833213344056215,0.0,1.0,0.0,1.0
0.0,0.0,0.0,0.0,1.0,0.0,1.0,0.0,2.0,2.0,0.0,1.0,1.0,0.0,0.0,2.0,44.0,2.0,46.0,7.0,10.85014760171006,0.0,1.0,0.0,1.0
0.0,0.0,0.0,0.0,0.0,3.0,4.0,0.0,3.0,4.0,1.0,1.0,0.0,1.0,0.0,2.0,24.0,4.0,28.0,9.0,12.367295829986475,0.0,1.0,0.0,1.0
0.0,0.0,0.0,0.0,0.0,2.0,4.0,1.0,3.0,2.0,0.0,1.0,0.0,1.0,0.0,1.0,13.0,7.0,20.0,12.0,15.044522437723423,1.0,1.0,0.0,1.0
0.0,0.0,0.0,0.0,1.0,3.0,3.0,0.0,4.0,2.0,0.0,1.0,0.0,1.0,0.0,1.0,22.0,7.0,29.0,8.0,11.401197381662156,0.0,1.0,0.0,1.0
6.0,1.0,1.0,7.0,1.0,2.0,2.0,0.0,4.0,2.0,0.0,0.0,1.0,0.0,0.0,1.0,42.0,4.0,46.0,14.0,17.85014760171006,1.0,1.0,1.0,0.0
0.0,0.0,0.0,0.0,0.0,3.0,3.0,0.0,3.0,3.0,0.0,0.0,0.0,0.0,1.0,0.0,17.0,5.0,22.0,11.0,14.13549421592915,1.0,1.0,0.0,1.0
0.0,0.0,0.0,0.0,1.0,3.0,4.0,1.0,4.0,2.0,0.0,1.0,0.0,1.0,0.0,1.0,17.0,3.0,20.0,10.0,13.044522437723423,0.0,1.0,1.0,0.0
0.0,0.0,0.0,0.0,0.0,1.0,4.0,0.0,2.0,5.0,1.0,0.0,1.0,0.0,0.0,2.0,12.0,7.0,19.0,9.0,11.99573227355399,0.0,1.0,0.0,1.0
0.0,0.0,0.0,0.0,0.0,0.0,3.0,0.0,1.0,2.0,0.0,1.0,1.0,0.0,0.0,2.0,25.0,2.0,27.0,11.0,14.332204510175204,1.0,1.0,0.0,1.0
0.0,0.0,0.0,0.0,0.0,0.0,1.0,0.0,1.0,1.5,0.0,0.0,0.0,0.0,1.0,0.0,55.0,17.0,72.0,9.0,13.290459441148391,0.0,1.0,1.0,0.0
0.0,0.0,0.0,0.0,0.0,0.0,1.0,0.0,1.0,3.0,0.0,0.0,0.0,0.0,1.0,0.0,9.0,4.0,13.0,5.0,7.639057329615259,0.0,1.0,0.0,1.0
0.0,0.0,0.0,0.0,1.0,2.0,3.0,0.0,4.0,2.0,0.0,1.0,0.0,1.0,0.0,1.0,22.0,11.0,33.0,13.0,16.526360524616162,1.0,1.0,0.0,1.0
0.0,0.0,0.0,0.0,1.0,2.0,1.0,2.0,4.0,4.0,1.0,0.0,0.0,0.0,1.0,1.0,28.0,1.0,29.0,7.0,10.401197381662156,0.0,1.0,1.0,0.0
0.0,0.0,0.0,0.0,1.0,3.0,3.0,2.0,4.0,2.0,0.0,1.0,1.0,0.0,0.0,2.0,32.0,2.0,34.0,13.0,16.555348061489415,1.0,1.0,0.0,1.0
0.0,0.0,0.0,0.0,1.0,3.0,4.0,1.0,4.0,2.0,0.0,1.0,1.0,0.0,0.0,2.0,58.0,3.0,61.0,17.0,21.127134385045093,1.0,1.0,1.0,0.0
0.0,0.0,0.0,0.0,0.0,1.0,3.0,0.0,2.0,5.0,1.0,1.0,0.0,1.0,0.0,2.0,45.0,36.0,81.0,18.0,22.406719247264252,1.0,1.0,0.0,1.0
0.0,0.0,0.0,0.0,0.0,1.0,3.0,0.0,2.0,4.0,1.0,1.0,1.0,0.0,0.0,3.0,19.0,3.0,22.0,13.0,16.13549421592915,1.0,1.0,0.0,0.0
0.0,0.0,0.0,0.0,1.0,1.0,4.0,1.0,3.0,3.0,0.0,0.0,0.0,1.0,0.0,0.0,9.0,3.0,12.0,7.0,9.564949357461536,0.0,1.0,0.0,1.0
0.0,0.0,0.0,0.0,1.0,3.0,1.0,0.0,4.0,2.0,0.0,1.0,1.0,0.0,0.0,2.0,53.0,14.0,67.0,13.0,17.219507705176106,1.0,1.0,0.0,1.0
6.0,1.0,1.0,7.0,1.0,4.0,4.0,1.0,4.0,3.0,0.0,1.0,1.0,0.0,0.0,2.0,21.0,2.0,23.0,12.0,15.178053830347945,1.0,1.0,1.0,0.0
0.0,0.0,0.0,0.0,0.0,1.0,2.0,0.0,2.0,2.0,0.0,0.0,0.0,0.0,1.0,0.0,21.0,2.0,23.0,10.0,13.178053830347945,0.0,1.0,0.0,1.0
0.0,0.0,0.0,0.0,1.0,1.0,2.0,2.0,3.0,3.0,0.0,1.0,1.0,0.0,0.0,2.0,35.0,11.0,46.0,8.0,11.85014760171006,0.0,1.0,0.0,1.0
0.0,0.0,0.0,0.0,1.0,1.0,0.0,2.0,2.0,3.0,0.0,1.0,0.0,1.0,0.0,1.0,19.0,2.0,21.0,13.0,16.091042453358316,1.0,1.0,0.0,0.0
0.0,0.0,0.0,0.0,0.0,1.0,2.0,0.0,2.0,1.0,0.0,1.0,1.0,0.0,0.0,2.0,22.0,3.0,25.0,5.0,8.258096538021482,0.0,1.0,0.0,1.0
0.0,0.0,0.0,0.0,0.0,1.0,2.0,0.0,2.0,2.0,0.0,1.0,0.0,0.0,1.0,1.0,6.0,9.0,15.0,10.0,12.772588722239782,0.0,1.0,0.0,1.0
0.0,0.0,0.0,0.0,1.0,1.0,1.0,1.0,3.0,3.0,0.0,1.0,1.0,0.0,0.0,2.0,4.0,4.0,8.0,4.0,6.19722457733622,0.0,1.0,0.0,1.0
